transaction_id,purchase_price,product_value,product_name,first_name,last_name,email,gender,customer_country,client_country
1,4.89,13.58,Wine,Flemming,Dadswell,fdadswell0@surveymonkey.com,Male,Brazil,Brazil
2,1.38,18.82,Oranges,Doretta,Attryde,dattryde1@cloudflare.com,Female,Brazil,Brazil
3,4.5,15.12,Apples,Che,Cartmail,ccartmail2@pagesperso-orange.fr,Polygender,Philippines,Philippines
4,8.27,19.0,Chicken Meat,Lianna,Patriche,lpatriche3@ft.com,Female,Brazil,Brazil
5,7.62,17.99,Oranges,Hayyim,Neate,hneate4@scientificamerican.com,Male,United States,United States
6,7.67,17.06,Oranges,Brod,Blaxill,bblaxill5@wikimedia.org,Male,United States,United States
7,8.14,18.12,Oranges,Malynda,Comello,mcomello6@moonfruit.com,Female,Brazil,Brazil
8,6.19,18.35,Milk,Peirce,Brozsset,pbrozsset7@nps.gov,Male,Philippines,Philippines
9,2.36,11.16,Wine,Stefanie,Sango,ssango8@alexa.com,Female,Brazil,Brazil
10,7.2,11.11,Oranges,Mathilde,Doldon,mdoldon9@kickstarter.com,Female,Philippines,Philippines
11,1.46,10.99,Beef,Jilleen,Chaffen,jchaffena@admin.ch,Female,United States,United States
12,7.75,15.65,Apples,Christophe,Warkup,cwarkupb@nba.com,Male,Philippines,Philippines
13,4.87,15.9,Apples,Doretta,Aikett,daikettc@oakley.com,Female,Brazil,Brazil
14,7.53,18.79,Eggs,Norah,Redrup,nredrupd@surveymonkey.com,Female,Philippines,Philippines
15,7.04,17.85,Wine,Ivette,Thairs,ithairse@angelfire.com,Female,,
16,2.35,10.95,Apples,Tudor,Spickett,tspickettf@engadget.com,Male,Brazil,Brazil
17,2.8,17.03,Wine,Micaela,Najera,mnajerag@sina.com.cn,Female,Philippines,Philippines
18,6.63,11.45,Eggs,Aldis,Stokell,astokellh@alexa.com,Male,,
19,2.48,14.69,Beef,Chancey,Whitney,cwhitneyi@independent.co.uk,Male,United States,United States
20,4.92,13.31,Oranges,Pascale,Gowthorpe,pgowthorpej@deviantart.com,Male,Brazil,Brazil
21,8.81,16.93,Milk,Moyna,Delle,mdellek@angelfire.com,Female,Brazil,Brazil
22,8.75,15.51,Wine,Dallas,Trittam,dtrittaml@sun.com,Male,Philippines,Philippines
23,8.68,16.89,Milk,Dawn,Piele,dpielem@gizmodo.com,Female,Brazil,Brazil
24,2.12,13.17,Beef,Wallis,Bonass,wbonassn@paginegialle.it,Male,United States,United States
25,8.11,17.49,Chicken Meat,Pierette,Stockhill,pstockhillo@gravatar.com,Female,Brazil,Brazil
26,2.37,17.32,Chicken Meat,Hillyer,Cleveley,hcleveleyp@twitter.com,Male,,
27,3.69,10.71,Wine,Pierson,Lorkins,plorkinsq@linkedin.com,Male,,
28,5.21,10.77,Beef,Alayne,Elby,aelbyr@census.gov,Female,Philippines,Philippines
29,2.83,17.59,Chicken Meat,Raye,Bickerdyke,rbickerdykes@dot.gov,Female,United States,United States
30,7.53,17.46,Apples,Rudolph,Durtnal,rdurtnalt@hatena.ne.jp,Male,Philippines,Philippines
31,8.87,16.49,Eggs,Wilton,Kingwell,wkingwellu@ifeng.com,Non-binary,United States,United States
32,5.99,15.48,Apples,Andrus,Lindbergh,alindberghv@nasa.gov,Male,Brazil,Brazil
33,7.57,14.1,Beef,Pincas,Loughnan,ploughnanw@over-blog.com,Male,,
34,3.84,17.16,Milk,Salmon,Tebbs,stebbsx@psu.edu,Male,United States,United States
35,7.79,15.56,Milk,Darcy,Mearing,dmearingy@soundcloud.com,Male,Brazil,Brazil
36,5.25,16.71,Wine,Hermione,Marples,hmarplesz@netvibes.com,Polygender,United States,United States
37,2.25,10.63,Oranges,Marchelle,Sully,msully10@slashdot.org,Genderfluid,Philippines,Philippines
38,8.05,12.48,Apples,Tonnie,Quadri,tquadri11@noaa.gov,Bigender,Brazil,Brazil
39,8.83,15.76,Beef,Aleece,Brend,abrend12@slashdot.org,Female,Philippines,Philippines
40,5.38,10.95,Beef,Sandy,Souster,ssouster13@free.fr,Male,United States,United States
41,5.42,18.06,Apples,Abby,Tousey,atousey14@sakura.ne.jp,Male,,
42,7.74,13.33,Chicken Meat,Peggy,Oggers,poggers15@example.com,Female,Philippines,Philippines
43,2.41,17.02,Oranges,Stavros,Strange,sstrange16@oaic.gov.au,Polygender,Philippines,Philippines
44,4.48,10.88,Eggs,Shannen,Fairbourne,sfairbourne17@macromedia.com,Female,Philippines,Philippines
45,7.23,11.46,Wine,Elissa,Odgers,eodgers18@guardian.co.uk,Non-binary,,
46,4.16,18.18,Apples,Dollie,Scadding,dscadding19@amazon.co.jp,Polygender,Philippines,Philippines
47,8.33,14.17,Beef,Hussein,Wedmore.,hwedmore1a@bing.com,Male,Philippines,Philippines
48,1.17,18.36,Eggs,Efren,Kembery,ekembery1b@artisteer.com,Male,United States,United States
49,3.23,10.96,Beef,Ebonee,Potticary,epotticary1c@amazonaws.com,Female,Brazil,Brazil
50,4.24,15.92,Flour,Oliy,Kersey,okersey1d@reuters.com,Female,Brazil,Brazil
51,6.43,13.93,Eggs,Michel,Ennals,mennals1e@kickstarter.com,Agender,Brazil,Brazil
52,6.96,12.53,Beef,Thaddeus,Boston,tboston1f@dell.com,Male,Brazil,Brazil
53,7.36,11.62,Beef,Ivar,Buxcey,ibuxcey1g@jalbum.net,Male,Brazil,Brazil
54,5.87,16.36,Flour,Des,Kenneford,dkenneford1h@multiply.com,Male,United States,United States
55,8.57,17.59,Wine,Cal,Sowray,csowray1i@chronoengine.com,Male,Brazil,Brazil
56,8.91,17.98,Flour,Beauregard,Hartly,bhartly1j@oracle.com,Male,Brazil,Brazil
57,4.6,17.65,Beef,Loraine,Caudelier,lcaudelier1k@prweb.com,Female,Philippines,Philippines
58,3.25,12.08,Wine,Trisha,Worgan,tworgan1l@umich.edu,Female,,
59,7.87,13.72,Apples,Nanice,Wixey,nwixey1m@china.com.cn,Female,United States,United States
60,4.67,10.38,Eggs,Rudie,Szantho,rszantho1n@linkedin.com,Male,Philippines,Philippines
61,6.23,18.42,Oranges,Elihu,Kingsman,ekingsman1o@shutterfly.com,Male,Philippines,Philippines
62,4.08,12.62,Flour,Artus,Forstall,aforstall1p@goo.gl,Male,Philippines,Philippines
63,7.07,18.69,Milk,Daisi,Normavill,dnormavill1q@moonfruit.com,Female,Brazil,Brazil
64,7.95,10.81,Flour,Murdock,Waiting,mwaiting1r@archive.org,Genderfluid,United States,United States
65,4.55,13.27,Milk,Rozamond,Vogt,rvogt1s@livejournal.com,Female,Philippines,Philippines
66,1.18,14.83,Beef,Phil,Wrate,pwrate1t@skype.com,Male,Philippines,Philippines
67,7.77,17.56,Flour,Terrie,Hawkyens,thawkyens1u@mapquest.com,Female,Brazil,Brazil
68,6.47,12.03,Wine,Whittaker,Garstang,wgarstang1v@meetup.com,Male,Philippines,Philippines
69,5.57,18.44,Beef,Selie,Le Prevost,sleprevost1w@vkontakte.ru,Female,Philippines,Philippines
70,3.23,18.52,Milk,Antoinette,Henworth,ahenworth1x@sciencedaily.com,Female,Brazil,Brazil
71,2.72,13.26,Chicken Meat,Noll,Griston,ngriston1y@zimbio.com,Male,,
72,3.62,12.44,Flour,Silvan,Pimmocke,spimmocke1z@slate.com,Male,Philippines,Philippines
73,7.95,17.65,Flour,Inigo,Brittian,ibrittian20@delicious.com,Male,,
74,8.08,16.7,Chicken Meat,Cliff,Gosalvez,cgosalvez21@google.com,Male,Philippines,Philippines
75,7.48,14.14,Wine,Merwyn,Banasiak,mbanasiak22@cbsnews.com,Male,Philippines,Philippines
76,3.11,10.66,Beef,Stevy,Baynon,sbaynon23@google.com.br,Male,Brazil,Brazil
77,1.43,14.75,Chicken Meat,Annabella,Abarough,aabarough24@cargocollective.com,Genderqueer,Philippines,Philippines
78,1.43,13.22,Milk,Amargo,Macvain,amacvain25@irs.gov,Female,Brazil,Brazil
79,7.65,12.73,Chicken Meat,Elwin,Faber,efaber26@angelfire.com,Male,,
80,8.94,11.79,Apples,Leonerd,Wonfar,lwonfar27@yandex.ru,Male,Brazil,Brazil
81,1.71,11.55,Beef,Mic,Oldroyd,moldroyd28@unesco.org,Male,Philippines,Philippines
82,7.44,13.32,Chicken Meat,Guillemette,Snaddin,gsnaddin29@fastcompany.com,Female,United States,United States
83,1.97,14.88,Oranges,Chico,Leynham,cleynham2a@reddit.com,Male,Brazil,Brazil
84,7.39,16.78,Apples,Yance,Lillford,ylillford2b@berkeley.edu,Male,United States,United States
85,4.6,17.12,Oranges,Perry,Pope,ppope2c@reverbnation.com,Female,United States,United States
86,2.19,10.83,Eggs,Cherye,Bartholomew,cbartholomew2d@squidoo.com,Female,Philippines,Philippines
87,1.1,10.04,Oranges,Merola,Bartrap,mbartrap2e@soundcloud.com,Female,Philippines,Philippines
88,2.24,15.41,Milk,Reagen,O'Mahoney,romahoney2f@mozilla.org,Male,,
89,1.86,13.35,Beef,Roy,Hancox,rhancox2g@dailymotion.com,Male,Philippines,Philippines
90,1.93,18.13,Oranges,Andie,Hovenden,ahovenden2h@stumbleupon.com,Male,Philippines,Philippines
91,1.98,12.41,Beef,Delmore,Stable,dstable2i@wp.com,Male,Philippines,Philippines
92,1.67,10.15,Flour,Nobie,Dobrowolny,ndobrowolny2j@slate.com,Male,Brazil,Brazil
93,5.58,17.05,Beef,Mahmoud,D'Antoni,mdantoni2k@pcworld.com,Male,United States,United States
94,2.71,14.81,Milk,Cassius,Tompion,ctompion2l@cbslocal.com,Male,Philippines,Philippines
95,3.0,13.73,Eggs,Siward,Fuzzey,sfuzzey2m@samsung.com,Male,United States,United States
96,8.24,15.64,Chicken Meat,Kile,Van den Broek,kvandenbroek2n@list-manage.com,Male,Philippines,Philippines
97,8.92,11.36,Flour,Alwin,Tourmell,atourmell2o@irs.gov,Male,Brazil,Brazil
98,7.46,13.43,Beef,Magnum,Gianolo,mgianolo2p@ustream.tv,Male,Brazil,Brazil
99,4.51,10.73,Eggs,Karlie,Scott,kscott2q@usa.gov,Female,Philippines,Philippines
100,7.23,12.36,Chicken Meat,Kathleen,Piggins,kpiggins2r@zdnet.com,Female,Philippines,Philippines
101,2.34,18.89,Apples,Kaela,Kelbie,kkelbie2s@icio.us,Female,Philippines,Philippines
102,1.18,18.37,Eggs,Celestyn,Kochs,ckochs2t@google.it,Female,Brazil,Brazil
103,4.2,11.09,Flour,Terese,Leete,tleete2u@buzzfeed.com,Female,Brazil,Brazil
104,4.7,10.27,Milk,Tonye,Remon,tremon2v@ox.ac.uk,Female,Brazil,Brazil
105,3.62,14.63,Flour,Marjy,Fawlo,mfawlo2w@cbsnews.com,Female,,
106,5.13,17.03,Apples,Prinz,Elderbrant,pelderbrant2x@blogspot.com,Male,,
107,5.28,18.09,Oranges,Kippie,Sumpton,ksumpton2y@slideshare.net,Female,,
108,1.04,10.03,Beef,Bunnie,Presnell,bpresnell2z@naver.com,Female,Philippines,Philippines
109,1.04,17.23,Milk,Saree,Morrowe,smorrowe30@tripadvisor.com,Female,Brazil,Brazil
110,4.7,11.01,Chicken Meat,Frazier,Anand,fanand31@ft.com,Male,Brazil,Brazil
111,1.12,15.15,Milk,Johnna,Choke,jchoke32@goo.gl,Female,Brazil,Brazil
112,5.92,16.35,Oranges,Ferdinand,Laurenty,flaurenty33@sohu.com,Male,Brazil,Brazil
113,5.73,17.84,Chicken Meat,Ulric,Pole,upole34@google.nl,Male,United States,United States
114,5.37,14.61,Milk,Paton,Cuthbert,pcuthbert35@dailymotion.com,Male,Philippines,Philippines
115,5.74,16.04,Eggs,Francois,Hurrion,fhurrion36@cisco.com,Male,Philippines,Philippines
116,4.86,16.56,Chicken Meat,Mufi,Aleveque,maleveque37@cornell.edu,Female,United States,United States
117,8.92,10.09,Apples,Eden,Hinchcliffe,ehinchcliffe38@ca.gov,Female,United States,United States
118,6.12,11.94,Oranges,Jarred,Message,jmessage39@addtoany.com,Male,Brazil,Brazil
119,4.88,14.04,Eggs,Meredith,Cicculi,mcicculi3a@shutterfly.com,Male,United States,United States
120,1.02,14.21,Oranges,Peta,McCrossan,pmccrossan3b@tuttocitta.it,Female,Brazil,Brazil
121,6.06,16.62,Beef,Georgie,Beausang,gbeausang3c@seattletimes.com,Agender,United States,United States
122,2.68,10.02,Chicken Meat,Angel,Rafferty,arafferty3d@tmall.com,Male,Brazil,Brazil
123,6.2,15.98,Milk,Ruddie,Van den Oord,rvandenoord3e@phoca.cz,Male,Philippines,Philippines
124,5.21,18.42,Flour,Nolly,Karpets,nkarpets3f@hostgator.com,Male,Brazil,Brazil
125,2.56,14.88,Oranges,Lyman,Itzig,litzig3g@t-online.de,Male,Philippines,Philippines
126,1.3,14.69,Beef,Wolfy,Doniso,wdoniso3h@google.cn,Male,United States,United States
127,4.01,18.57,Chicken Meat,Humberto,Eakins,heakins3i@cam.ac.uk,Male,Brazil,Brazil
128,4.14,16.16,Apples,Cairistiona,Arp,carp3j@state.tx.us,Female,United States,United States
129,6.98,11.32,Beef,Fayette,Dyott,fdyott3k@hc360.com,Female,Brazil,Brazil
130,6.95,13.9,Apples,Cord,Muschette,cmuschette3l@wunderground.com,Male,Philippines,Philippines
131,8.05,14.01,Apples,Athena,Dyos,adyos3m@un.org,Female,Brazil,Brazil
132,5.34,16.8,Milk,Carolynn,Leopold,cleopold3n@wix.com,Female,Brazil,Brazil
133,4.56,12.71,Beef,Keen,Wimbridge,kwimbridge3o@bbb.org,Male,Philippines,Philippines
134,8.52,17.17,Wine,Marsh,Gippes,mgippes3p@icq.com,Agender,Brazil,Brazil
135,1.36,12.97,Chicken Meat,Torrance,Albon,talbon3q@purevolume.com,Male,United States,United States
136,3.76,13.12,Wine,Bertrand,Toplis,btoplis3r@vistaprint.com,Genderqueer,United States,United States
137,7.87,11.8,Chicken Meat,Arnold,Hardy-Piggin,ahardypiggin3s@howstuffworks.com,Male,,
138,7.23,14.5,Chicken Meat,Dew,Belfitt,dbelfitt3t@howstuffworks.com,Male,Brazil,Brazil
139,4.41,14.31,Chicken Meat,Wolf,Hutchason,whutchason3u@cnn.com,Male,Brazil,Brazil
140,4.58,14.54,Chicken Meat,Hadlee,Ionnisian,hionnisian3v@printfriendly.com,Male,Brazil,Brazil
141,8.05,13.46,Milk,Emilie,Redmell,eredmell3w@topsy.com,Female,Brazil,Brazil
142,7.57,18.07,Beef,Caldwell,Dener,cdener3x@vinaora.com,Male,Philippines,Philippines
143,1.56,14.28,Apples,Eugenie,Carl,ecarl3y@geocities.com,Female,Brazil,Brazil
144,6.42,17.1,Apples,Melita,Plowes,mplowes3z@yellowpages.com,Female,Philippines,Philippines
145,2.05,12.07,Flour,Britni,Bunce,bbunce40@dedecms.com,Female,Philippines,Philippines
146,8.72,10.6,Apples,Wolfie,Dalley,wdalley41@hibu.com,Male,Philippines,Philippines
147,2.72,13.86,Oranges,Lorens,Eversley,leversley42@hibu.com,Male,,
148,1.35,12.25,Milk,Hester,Ashe,hashe43@miitbeian.gov.cn,Female,United States,United States
149,4.82,17.14,Flour,Enrika,Riediger,eriediger44@cornell.edu,Female,Philippines,Philippines
150,4.49,12.85,Wine,Gillan,Clelle,gclelle45@squarespace.com,Female,United States,United States
151,4.29,11.19,Eggs,Ellerey,MacKaig,emackaig46@google.ru,Male,Brazil,Brazil
152,4.12,16.3,Chicken Meat,Aridatha,Casse,acasse47@examiner.com,Female,United States,United States
153,4.12,17.02,Milk,Debor,Elcy,delcy48@techcrunch.com,Female,Philippines,Philippines
154,8.52,14.98,Beef,Jordan,Mayte,jmayte49@barnesandnoble.com,Male,,
155,4.9,16.57,Apples,Amargo,Grahl,agrahl4a@drupal.org,Female,Philippines,Philippines
156,8.83,15.32,Beef,Viola,Ambrogioli,vambrogioli4b@instagram.com,Female,,
157,5.08,16.19,Oranges,Gaye,Shipsey,gshipsey4c@howstuffworks.com,Female,Brazil,Brazil
158,6.9,11.95,Eggs,Rhetta,Goodbarne,rgoodbarne4d@miitbeian.gov.cn,Female,Brazil,Brazil
159,7.29,17.18,Eggs,Joseito,Threader,jthreader4e@blogspot.com,Male,United States,United States
160,2.28,17.33,Apples,Yolande,Metts,ymetts4f@hud.gov,Female,,
161,2.38,11.04,Milk,Myrilla,Westfalen,mwestfalen4g@prnewswire.com,Female,United States,United States
162,1.09,14.19,Chicken Meat,Phyllida,McGregor,pmcgregor4h@quantcast.com,Female,Philippines,Philippines
163,1.18,14.4,Chicken Meat,Mavra,Gong,mgong4i@mapquest.com,Female,United States,United States
164,5.06,15.04,Apples,Thorn,Sprowle,tsprowle4j@elpais.com,Male,Brazil,Brazil
165,6.72,17.3,Oranges,Kendricks,Branche,kbranche4k@yolasite.com,Male,Philippines,Philippines
166,1.3,11.05,Oranges,Sisely,Robus,srobus4l@cargocollective.com,Female,Philippines,Philippines
167,2.83,15.4,Chicken Meat,Alison,Dory,adory4m@craigslist.org,Female,Brazil,Brazil
168,7.11,10.54,Eggs,Angie,Hustler,ahustler4n@topsy.com,Female,Brazil,Brazil
169,5.23,15.85,Oranges,Lexis,Lytle,llytle4o@nytimes.com,Female,Philippines,Philippines
170,4.18,10.83,Eggs,Gareth,Tant,gtant4p@bandcamp.com,Male,Philippines,Philippines
171,4.49,11.22,Beef,Esmeralda,Martensen,emartensen4q@google.pl,Female,,
172,5.59,16.07,Flour,Colan,Amy,camy4r@oakley.com,Male,Philippines,Philippines
173,7.21,18.45,Flour,Sisile,Nelhams,snelhams4s@e-recht24.de,Female,Brazil,Brazil
174,3.68,15.26,Flour,Gilli,Prestage,gprestage4t@harvard.edu,Female,Philippines,Philippines
175,4.42,17.53,Apples,Roscoe,Diggins,rdiggins4u@google.de,Male,Philippines,Philippines
176,3.98,11.56,Wine,Stefano,Feige,sfeige4v@usa.gov,Male,Philippines,Philippines
177,5.64,17.44,Chicken Meat,Cissiee,Ord,cord4w@google.com.au,Female,Philippines,Philippines
178,3.91,18.23,Beef,Rosabel,Magee,rmagee4x@seesaa.net,Female,,
179,3.13,14.04,Oranges,Lizzie,Vasilyevski,lvasilyevski4y@marriott.com,Female,United States,United States
180,6.39,12.92,Chicken Meat,Carole,Brisbane,cbrisbane4z@unblog.fr,Female,Philippines,Philippines
181,3.53,14.19,Milk,Osbourn,Abys,oabys50@twitter.com,Male,Philippines,Philippines
182,7.83,17.82,Flour,Fonzie,Ramage,framage51@smh.com.au,Male,Philippines,Philippines
183,5.52,15.76,Oranges,Gabi,Pimley,gpimley52@ocn.ne.jp,Male,Brazil,Brazil
184,2.48,17.22,Wine,Rebbecca,Chaundy,rchaundy53@rambler.ru,Female,Brazil,Brazil
185,1.85,18.88,Apples,Bronny,Wroughton,bwroughton54@g.co,Genderqueer,Brazil,Brazil
186,7.55,13.95,Apples,Gusta,Grindrod,ggrindrod55@histats.com,Female,United States,United States
187,2.68,12.25,Eggs,Fulvia,Svanetti,fsvanetti56@blogger.com,Agender,Philippines,Philippines
188,5.5,13.67,Flour,Bianca,Dellenty,bdellenty57@blogtalkradio.com,Female,Brazil,Brazil
189,4.83,16.94,Chicken Meat,Corette,Detoc,cdetoc58@japanpost.jp,Female,Philippines,Philippines
190,4.54,14.24,Beef,Sloane,Couser,scouser59@marketwatch.com,Male,Brazil,Brazil
191,6.9,16.06,Apples,Ameline,Garrigan,agarrigan5a@slate.com,Female,Philippines,Philippines
192,6.69,16.78,Beef,Nealon,Ridgwell,nridgwell5b@g.co,Male,Philippines,Philippines
193,7.16,18.33,Beef,Worden,Blayney,wblayney5c@creativecommons.org,Male,United States,United States
194,1.21,18.43,Apples,Zulema,Bachura,zbachura5d@altervista.org,Female,Philippines,Philippines
195,6.51,18.16,Milk,Micki,Coult,mcoult5e@nhs.uk,Female,United States,United States
196,5.02,14.1,Chicken Meat,Jacynth,Geraldi,jgeraldi5f@home.pl,Female,Brazil,Brazil
197,6.9,18.82,Oranges,Boycey,Oppie,boppie5g@nhs.uk,Male,Brazil,Brazil
198,2.97,14.11,Oranges,Friederike,Mathewes,fmathewes5h@redcross.org,Female,Brazil,Brazil
199,5.12,16.81,Apples,Juanita,Strongman,jstrongman5i@senate.gov,Female,Philippines,Philippines
200,8.64,11.17,Beef,Noak,Scawn,nscawn5j@yahoo.co.jp,Male,Philippines,Philippines
201,2.15,14.84,Beef,Lind,Kenryd,lkenryd5k@addtoany.com,Female,,
202,8.8,13.77,Chicken Meat,Brigitte,Beeho,bbeeho5l@umich.edu,Genderqueer,Philippines,Philippines
203,7.88,15.43,Beef,Eadie,Alpin,ealpin5m@ftc.gov,Female,Brazil,Brazil
204,1.89,16.81,Eggs,Sibilla,Jansson,sjansson5n@discuz.net,Female,Brazil,Brazil
205,5.1,15.45,Flour,Dennet,Longmead,dlongmead5o@ocn.ne.jp,Polygender,Brazil,Brazil
206,1.98,18.83,Beef,Sally,Klaaasen,sklaaasen5p@phpbb.com,Female,United States,United States
207,4.92,18.39,Chicken Meat,Natalina,De Giorgio,ndegiorgio5q@example.com,Female,United States,United States
208,6.23,14.99,Oranges,Beitris,Buesnel,bbuesnel5r@ustream.tv,Female,Philippines,Philippines
209,4.08,10.4,Apples,Bank,Greenhall,bgreenhall5s@icio.us,Male,United States,United States
210,8.34,12.25,Chicken Meat,Diarmid,Tewkesberry,dtewkesberry5t@independent.co.uk,Male,Philippines,Philippines
211,4.99,17.42,Oranges,Myrle,Giscken,mgiscken5u@slate.com,Female,Philippines,Philippines
212,2.55,16.64,Apples,Milena,Fourman,mfourman5v@deviantart.com,Female,United States,United States
213,1.15,13.19,Eggs,Boothe,Bullman,bbullman5w@linkedin.com,Male,United States,United States
214,6.12,10.7,Milk,Prue,Haville,phaville5x@parallels.com,Female,Philippines,Philippines
215,2.52,11.07,Eggs,Leanna,Faircley,lfaircley5y@goodreads.com,Female,United States,United States
216,7.52,12.53,Chicken Meat,Anya,Hazeman,ahazeman5z@webmd.com,Female,Philippines,Philippines
217,8.48,12.2,Eggs,Bee,Fardy,bfardy60@people.com.cn,Female,United States,United States
218,5.35,15.61,Flour,Giorgi,Lulham,glulham61@google.ca,Male,Philippines,Philippines
219,4.98,10.75,Oranges,Merralee,Doale,mdoale62@ow.ly,Female,Philippines,Philippines
220,8.57,14.94,Wine,Auberon,Asser,aasser63@hao123.com,Male,Philippines,Philippines
221,7.9,14.93,Wine,Saloma,Hicken,shicken64@ameblo.jp,Female,United States,United States
222,8.51,13.83,Beef,Robbin,Beneze,rbeneze65@wikia.com,Female,Philippines,Philippines
223,7.52,13.25,Eggs,Rand,Rean,rrean66@hp.com,Male,Brazil,Brazil
224,7.53,12.31,Chicken Meat,Willi,Giacobelli,wgiacobelli67@blog.com,Female,Brazil,Brazil
225,8.35,16.28,Milk,Marlowe,Daborne,mdaborne68@netvibes.com,Male,,
226,4.6,15.55,Wine,Fan,Blanchette,fblanchette69@qq.com,Female,Brazil,Brazil
227,2.68,18.27,Milk,Izabel,Wharby,iwharby6a@unc.edu,Female,Philippines,Philippines
228,5.69,17.88,Flour,Lida,Fabry,lfabry6b@paginegialle.it,Female,Philippines,Philippines
229,3.66,13.19,Eggs,Neile,Barrus,nbarrus6c@clickbank.net,Female,United States,United States
230,5.08,11.44,Apples,Nada,Mico,nmico6d@seesaa.net,Female,Philippines,Philippines
231,2.97,17.79,Eggs,Julee,McCorkindale,jmccorkindale6e@weebly.com,Female,Philippines,Philippines
232,3.91,10.04,Flour,Walden,Hyne,whyne6f@barnesandnoble.com,Male,Philippines,Philippines
233,6.72,12.83,Oranges,Michaelina,Dyter,mdyter6g@kickstarter.com,Female,Philippines,Philippines
234,1.75,14.74,Milk,Antonius,Mulles,amulles6h@webs.com,Agender,Brazil,Brazil
235,6.18,12.67,Wine,Burnard,Primarolo,bprimarolo6i@cafepress.com,Male,Brazil,Brazil
236,1.71,17.37,Eggs,Harrison,Belden,hbelden6j@goo.ne.jp,Male,Philippines,Philippines
237,2.02,17.42,Chicken Meat,Richardo,Flook,rflook6k@storify.com,Male,Brazil,Brazil
238,4.75,10.92,Chicken Meat,Kurtis,Station,kstation6l@blogger.com,Male,Philippines,Philippines
239,1.13,11.17,Chicken Meat,Bartholomeo,Smalley,bsmalley6m@ihg.com,Male,Brazil,Brazil
240,7.42,14.56,Flour,Rivalee,Bottby,rbottby6n@ucoz.ru,Female,United States,United States
241,7.03,12.01,Chicken Meat,Isidro,McKeighan,imckeighan6o@vinaora.com,Male,United States,United States
242,7.56,11.47,Flour,Benedicta,Jasik,bjasik6p@state.gov,Female,Philippines,Philippines
243,5.42,12.07,Chicken Meat,Lian,Iiannone,liiannone6q@census.gov,Female,Philippines,Philippines
244,7.55,16.8,Chicken Meat,Zuzana,Jeandel,zjeandel6r@cyberchimps.com,Female,Philippines,Philippines
245,3.19,18.51,Beef,Devy,Straun,dstraun6s@google.com.hk,Male,Philippines,Philippines
246,8.68,13.31,Flour,Linell,Birtwistle,lbirtwistle6t@aol.com,Female,United States,United States
247,2.56,15.96,Apples,Horton,Willford,hwillford6u@jigsy.com,Male,Brazil,Brazil
248,1.37,15.08,Flour,Zack,Winsper,zwinsper6v@si.edu,Genderqueer,United States,United States
249,8.69,17.27,Apples,Lilyan,Gair,lgair6w@ucsd.edu,Female,Philippines,Philippines
250,2.74,18.44,Flour,Gualterio,Sarten,gsarten6x@homestead.com,Male,Philippines,Philippines
251,8.58,10.42,Oranges,Byrle,Oxlade,boxlade6y@economist.com,Male,,
252,5.19,18.08,Flour,Kitti,Charle,kcharle6z@liveinternet.ru,Female,Philippines,Philippines
253,2.81,10.31,Oranges,Ignacius,Flowerdew,iflowerdew70@bandcamp.com,Male,United States,United States
254,1.82,15.7,Eggs,Anetta,Ewings,aewings71@columbia.edu,Female,,
255,5.66,11.26,Wine,Aretha,Jenken,ajenken72@yellowbook.com,Female,Brazil,Brazil
256,5.27,16.56,Chicken Meat,Wells,Dundendale,wdundendale73@go.com,Male,Brazil,Brazil
257,2.07,13.49,Beef,Dagmar,McCorry,dmccorry74@cdbaby.com,Female,,
258,8.08,14.76,Apples,Petrina,Tome,ptome75@senate.gov,Female,Brazil,Brazil
259,1.11,11.59,Oranges,Lindon,Moy,lmoy76@csmonitor.com,Male,,
260,3.61,14.35,Chicken Meat,Sherry,Vaan,svaan77@gmpg.org,Female,Brazil,Brazil
261,7.73,14.29,Apples,Jayme,Birtles,jbirtles78@abc.net.au,Male,Brazil,Brazil
262,2.93,11.43,Flour,Jarrett,Rattenberie,jrattenberie79@army.mil,Male,Philippines,Philippines
263,7.4,11.45,Chicken Meat,Pernell,Mahony,pmahony7a@cyberchimps.com,Male,Philippines,Philippines
264,2.72,12.86,Beef,Issi,Blodgett,iblodgett7b@edublogs.org,Bigender,Brazil,Brazil
265,6.19,18.33,Flour,Merrill,Caston,mcaston7c@discovery.com,Male,Brazil,Brazil
266,1.2,15.5,Chicken Meat,Ange,Orniz,aorniz7d@house.gov,Genderqueer,Brazil,Brazil
267,1.6,14.63,Oranges,Randie,Collingham,rcollingham7e@blogspot.com,Female,Brazil,Brazil
268,3.58,14.43,Beef,Frankie,Wendover,fwendover7f@yahoo.co.jp,Male,Philippines,Philippines
269,8.72,14.08,Chicken Meat,Nealson,Webb,nwebb7g@irs.gov,Male,Philippines,Philippines
270,8.74,11.62,Flour,Susy,Ruberry,sruberry7h@shop-pro.jp,Female,,
271,5.21,18.03,Chicken Meat,Powell,Darville,pdarville7i@dagondesign.com,Male,Philippines,Philippines
272,3.91,13.91,Beef,Saudra,Simonard,ssimonard7j@who.int,Female,Brazil,Brazil
273,6.64,16.46,Chicken Meat,Janella,Cadlock,jcadlock7k@zimbio.com,Female,,
274,5.64,15.3,Wine,Leeann,MacGibbon,lmacgibbon7l@discovery.com,Female,Brazil,Brazil
275,1.46,13.23,Apples,Julienne,Shalcras,jshalcras7m@icq.com,Female,,
276,7.43,10.48,Chicken Meat,Harley,Malkin,hmalkin7n@newyorker.com,Female,Philippines,Philippines
277,8.75,18.63,Wine,Marthena,Viner,mviner7o@google.com,Female,United States,United States
278,5.3,12.35,Flour,Witty,Matt,wmatt7p@hatena.ne.jp,Male,United States,United States
279,1.55,14.04,Eggs,Mirabelle,Gowar,mgowar7q@uiuc.edu,Female,,
280,5.07,11.23,Apples,Mendy,Paradise,mparadise7r@t.co,Male,,
281,1.24,16.25,Oranges,Emanuele,Watchorn,ewatchorn7s@unc.edu,Male,Brazil,Brazil
282,5.0,12.06,Flour,Rosabel,Surman,rsurman7t@forbes.com,Genderqueer,United States,United States
283,2.86,17.67,Wine,Perla,Whetnall,pwhetnall7u@cam.ac.uk,Female,Australia,Australia
284,8.26,16.71,Oranges,Rivalee,Kittless,rkittless7v@scientificamerican.com,Female,Brazil,Brazil
285,8.08,15.13,Chicken Meat,Zaccaria,Questier,zquestier7w@ustream.tv,Male,,
286,3.4,17.62,Beef,Arielle,Wensley,awensley7x@shinystat.com,Female,United States,United States
287,1.74,15.73,Oranges,Weston,Gwatkins,wgwatkins7y@webeden.co.uk,Male,Brazil,Brazil
288,8.51,11.31,Eggs,Edwina,Castro,ecastro7z@marriott.com,Female,Philippines,Philippines
289,7.13,11.55,Milk,Sheffie,Huck,shuck80@ifeng.com,Male,United States,United States
290,5.51,11.04,Flour,Lynelle,Skechley,lskechley81@weibo.com,Female,Brazil,Brazil
291,6.66,11.2,Beef,Muire,McSperrin,mmcsperrin82@nih.gov,Female,Brazil,Brazil
292,5.14,15.91,Milk,Amaleta,Matkin,amatkin83@toplist.cz,Female,,
293,6.24,11.28,Eggs,Urson,Fendlow,ufendlow84@epa.gov,Male,Philippines,Philippines
294,5.83,11.63,Oranges,Garold,Curnok,gcurnok85@prlog.org,Male,Philippines,Philippines
295,8.18,13.14,Beef,Florrie,Purrington,fpurrington86@phoca.cz,Female,Brazil,Brazil
296,2.86,14.79,Wine,Tasha,McIlreavy,tmcilreavy87@nature.com,Female,Philippines,Philippines
297,8.04,17.17,Wine,Benedikt,Jain,bjain88@dagondesign.com,Male,Philippines,Philippines
298,5.95,15.94,Wine,Liana,Thomel,lthomel89@opera.com,Female,Brazil,Brazil
299,5.48,13.61,Beef,Sylvester,Grinstead,sgrinstead8a@google.com.hk,Male,Philippines,Philippines
300,6.17,12.03,Eggs,Arlena,Cornu,acornu8b@illinois.edu,Female,Brazil,Brazil
301,4.93,11.32,Milk,Christoffer,Korneichuk,ckorneichuk8c@google.com.au,Male,United States,United States
302,3.66,16.05,Wine,Forrest,Rudolfer,frudolfer8d@dyndns.org,Male,Philippines,Philippines
303,1.22,12.25,Flour,Radcliffe,Ingrem,ringrem8e@soup.io,Male,Philippines,Philippines
304,8.07,11.42,Chicken Meat,Leshia,MacParlan,lmacparlan8f@samsung.com,Female,United States,United States
305,6.62,13.1,Oranges,Moses,Kliement,mkliement8g@ow.ly,Male,Philippines,Philippines
306,5.43,10.6,Wine,Malachi,Grzelak,mgrzelak8h@4shared.com,Genderqueer,United States,United States
307,5.18,13.49,Oranges,Hazlett,Friel,hfriel8i@ted.com,Male,Brazil,Brazil
308,6.3,16.13,Wine,Pincus,Kwietak,pkwietak8j@adobe.com,Male,Philippines,Philippines
309,8.01,17.33,Wine,Daphna,Fay,dfay8k@123-reg.co.uk,Female,Philippines,Philippines
310,6.54,12.47,Apples,Keslie,Doak,kdoak8l@nifty.com,Female,,
311,5.0,14.94,Chicken Meat,Bonita,Roiz,broiz8m@jimdo.com,Genderqueer,Philippines,Philippines
312,6.11,15.73,Oranges,Judith,Sandbatch,jsandbatch8n@fda.gov,Female,Philippines,Philippines
313,6.25,18.1,Wine,Ralina,Metzke,rmetzke8o@bravesites.com,Female,United States,United States
314,2.25,10.21,Eggs,Ringo,Ronci,rronci8p@intel.com,Male,,
315,8.74,18.23,Oranges,Dion,Kiltie,dkiltie8q@angelfire.com,Genderfluid,Philippines,Philippines
316,2.73,18.96,Chicken Meat,Xylia,Marquand,xmarquand8r@europa.eu,Female,Philippines,Philippines
317,7.93,13.46,Oranges,Hermione,Marchent,hmarchent8s@163.com,Female,Philippines,Philippines
318,3.86,15.59,Wine,Livia,Rudgerd,lrudgerd8t@twitpic.com,Genderqueer,Brazil,Brazil
319,2.97,18.26,Beef,Holly,Greenhough,hgreenhough8u@tumblr.com,Male,Philippines,Philippines
320,4.45,12.78,Milk,Anneliese,Jorden,ajorden8v@archive.org,Female,,
321,2.29,18.29,Flour,Wilfrid,Zupone,wzupone8w@parallels.com,Male,Brazil,Brazil
322,5.87,12.1,Chicken Meat,Libby,Mechan,lmechan8x@nationalgeographic.com,Female,Brazil,Brazil
323,1.16,12.09,Milk,Demetri,Attiwill,dattiwill8y@toplist.cz,Male,Philippines,Philippines
324,6.18,12.07,Chicken Meat,Sibby,Boggon,sboggon8z@t-online.de,Female,Brazil,Brazil
325,5.03,16.88,Apples,Urson,Mertel,umertel90@umn.edu,Male,Philippines,Philippines
326,3.92,11.41,Beef,Humfried,Garnsworth,hgarnsworth91@devhub.com,Bigender,,
327,5.57,17.19,Flour,Skip,Rollitt,srollitt92@barnesandnoble.com,Genderfluid,Philippines,Philippines
328,7.57,16.05,Milk,Elliot,Larkings,elarkings93@smh.com.au,Male,Brazil,Brazil
329,6.31,17.54,Eggs,Laverne,Campa,lcampa94@tinypic.com,Female,Philippines,Philippines
330,5.61,11.65,Eggs,Gallagher,Cremin,gcremin95@ovh.net,Male,Philippines,Philippines
331,1.02,12.52,Milk,Betteann,Tebboth,btebboth96@paginegialle.it,Female,Brazil,Brazil
332,8.77,17.95,Chicken Meat,Ban,Dosdill,bdosdill97@si.edu,Male,,
333,4.51,12.59,Wine,Riane,McIlriach,rmcilriach98@github.io,Female,Brazil,Brazil
334,2.71,10.53,Beef,Tally,Golden,tgolden99@merriam-webster.com,Female,Philippines,Philippines
335,8.76,17.6,Beef,Shannan,Proud,sproud9a@dmoz.org,Male,Philippines,Philippines
336,1.87,17.02,Flour,Erhart,Petersen,epetersen9b@umn.edu,Male,United States,United States
337,8.75,11.69,Flour,Margit,Audsley,maudsley9c@twitpic.com,Female,Brazil,Brazil
338,1.43,16.91,Apples,Alexandre,Heselwood,aheselwood9d@mail.ru,Male,Brazil,Brazil
339,3.51,11.99,Apples,Ailey,Gatherell,agatherell9e@typepad.com,Female,Brazil,Brazil
340,2.23,12.58,Flour,Lyn,Esmond,lesmond9f@mlb.com,Female,Brazil,Brazil
341,5.52,12.78,Milk,Taryn,Erdely,terdely9g@tripadvisor.com,Female,Philippines,Philippines
342,5.17,18.86,Flour,Tammy,Meeking,tmeeking9h@slate.com,Male,,
343,4.35,17.2,Beef,Eleonora,Swarbrigg,eswarbrigg9i@boston.com,Female,Brazil,Brazil
344,3.41,13.09,Wine,Norean,Porter,nporter9j@mapy.cz,Female,Philippines,Philippines
345,6.29,13.75,Flour,Berti,Cortin,bcortin9k@gravatar.com,Female,Philippines,Philippines
346,3.73,10.33,Apples,Joel,Maus,jmaus9l@loc.gov,Genderqueer,Philippines,Philippines
347,8.35,17.23,Wine,Reba,Vannoni,rvannoni9m@state.tx.us,Female,United States,United States
348,5.2,13.43,Wine,Ezekiel,Wickson,ewickson9n@cdc.gov,Male,United States,United States
349,7.75,17.62,Flour,Elyn,Guinness,eguinness9o@sitemeter.com,Female,United States,United States
350,5.73,11.87,Chicken Meat,Judah,Harkins,jharkins9p@sourceforge.net,Male,,
351,1.86,14.49,Chicken Meat,Germana,Golton,ggolton9q@nsw.gov.au,Female,,
352,5.39,14.7,Oranges,Octavius,Pietz,opietz9r@eventbrite.com,Male,Philippines,Philippines
353,7.93,11.15,Oranges,Dario,Kitcherside,dkitcherside9s@rakuten.co.jp,Genderfluid,Brazil,Brazil
354,2.84,17.82,Apples,Josey,Giovanetti,jgiovanetti9t@cloudflare.com,Female,United States,United States
355,4.53,17.86,Oranges,Vince,Bennison,vbennison9u@fema.gov,Male,Brazil,Brazil
356,1.75,13.79,Chicken Meat,Inger,Stallen,istallen9v@shareasale.com,Female,Philippines,Philippines
357,7.77,12.35,Chicken Meat,Gabriella,Wimbush,gwimbush9w@cloudflare.com,Female,Philippines,Philippines
358,8.29,16.22,Eggs,Veronica,Rakestraw,vrakestraw9x@canalblog.com,Female,Philippines,Philippines
359,8.05,15.61,Milk,Bernardine,Yokley,byokley9y@symantec.com,Female,Philippines,Philippines
360,4.54,11.85,Apples,Urbain,Cramond,ucramond9z@jalbum.net,Male,Brazil,Brazil
361,2.94,18.08,Eggs,Vasily,Twaits,vtwaitsa0@canalblog.com,Male,Brazil,Brazil
362,8.03,18.98,Apples,Orbadiah,Stairs,ostairsa1@hhs.gov,Male,Philippines,Philippines
363,3.26,15.97,Chicken Meat,Burgess,Fearnyhough,bfearnyhougha2@wikimedia.org,Male,Brazil,Brazil
364,6.58,11.37,Oranges,Cordelia,Stanyer,cstanyera3@shutterfly.com,Female,Brazil,Brazil
365,5.45,15.26,Milk,Barnard,Olenikov,bolenikova4@nbcnews.com,Male,Philippines,Philippines
366,4.55,14.16,Chicken Meat,Garey,Davitti,gdavittia5@squarespace.com,Male,Brazil,Brazil
367,4.74,10.53,Apples,Bartholemy,Chafney,bchafneya6@uol.com.br,Male,United States,United States
368,7.55,15.51,Wine,Randall,Lilian,rliliana7@ycombinator.com,Male,Philippines,Philippines
369,7.15,14.89,Chicken Meat,Shandee,Semrad,ssemrada8@shareasale.com,Female,Philippines,Philippines
370,6.88,16.63,Beef,Leeland,Coveley,lcoveleya9@acquirethisname.com,Male,Philippines,Philippines
371,8.3,16.32,Eggs,Gaylord,Ranken,grankenaa@opera.com,Male,Philippines,Philippines
372,6.34,17.04,Flour,Tanitansy,Merriment,tmerrimentab@spotify.com,Female,Philippines,Philippines
373,8.25,10.98,Flour,Parnell,Tutt,ptuttac@fema.gov,Male,Brazil,Brazil
374,7.47,14.11,Flour,Alvin,Dever,adeverad@1und1.de,Male,Philippines,Philippines
375,5.14,14.76,Apples,Betteanne,Skiplorne,bskiplorneae@webeden.co.uk,Polygender,Philippines,Philippines
376,4.57,14.58,Wine,Bria,Rhodes,brhodesaf@google.it,Female,Brazil,Brazil
377,2.06,17.79,Beef,Michal,Goldson,mgoldsonag@mail.ru,Female,United States,United States
378,8.45,17.27,Chicken Meat,Christoper,Ephgrave,cephgraveah@boston.com,Male,Philippines,Philippines
379,1.53,16.55,Flour,Adaline,Fogden,afogdenai@istockphoto.com,Female,United States,United States
380,1.09,16.76,Chicken Meat,Fleming,Collaton,fcollatonaj@1und1.de,Male,Brazil,Brazil
381,4.68,16.8,Wine,Charil,Poschel,cposchelak@google.de,Female,,
382,3.7,10.63,Apples,Thorndike,Burchatt,tburchattal@archive.org,Male,Philippines,Philippines
383,2.67,17.18,Chicken Meat,Peria,Lorence,plorenceam@prlog.org,Female,United States,United States
384,6.15,11.42,Wine,Virgilio,Luck,vluckan@newsvine.com,Male,Philippines,Philippines
385,7.4,15.24,Flour,Raynor,Hansie,rhansieao@ask.com,Genderqueer,Brazil,Brazil
386,2.84,11.49,Eggs,Jemimah,Silbersak,jsilbersakap@netscape.com,Female,Philippines,Philippines
387,8.6,17.26,Flour,Amye,Haberjam,ahaberjamaq@ask.com,Female,Brazil,Brazil
388,7.34,12.3,Chicken Meat,Cad,Braunlein,cbraunleinar@wikimedia.org,Male,Brazil,Brazil
389,7.45,11.5,Eggs,Isa,Featherstonhaugh,ifeatherstonhaughas@123-reg.co.uk,Female,Brazil,Brazil
390,6.41,17.36,Apples,Case,Golsworthy,cgolsworthyat@bbc.co.uk,Male,Brazil,Brazil
391,1.56,14.94,Eggs,Eldridge,Petrina,epetrinaau@youku.com,Male,Philippines,Philippines
392,8.64,16.64,Milk,Daryle,Grassi,dgrassiav@squidoo.com,Male,Philippines,Philippines
393,4.73,10.52,Chicken Meat,Carlotta,Aleksahkin,caleksahkinaw@mapquest.com,Female,,
394,3.27,13.34,Flour,Ofella,Goldingay,ogoldingayax@nyu.edu,Female,Brazil,Brazil
395,8.83,17.18,Oranges,Rooney,Haquin,rhaquinay@newsvine.com,Male,United States,United States
396,4.68,11.97,Oranges,Jakob,Eva,jevaaz@msu.edu,Male,Brazil,Brazil
397,6.25,15.24,Apples,Dede,Arend,darendb0@npr.org,Female,Philippines,Philippines
398,3.59,15.92,Wine,Haven,Farmloe,hfarmloeb1@g.co,Male,,
399,3.24,15.56,Apples,Orly,Patinkin,opatinkinb2@cnet.com,Female,Brazil,Brazil
400,1.29,16.55,Oranges,Maxy,Sellek,msellekb3@pinterest.com,Genderfluid,Philippines,Philippines
401,3.06,16.27,Chicken Meat,Twyla,Craighead,tcraigheadb4@state.gov,Female,Philippines,Philippines
402,4.75,11.13,Flour,Breanne,Whitely,bwhitelyb5@xing.com,Female,Philippines,Philippines
403,4.1,15.69,Chicken Meat,Sallie,Hundley,shundleyb6@youtu.be,Female,United States,United States
404,7.51,12.89,Oranges,Zachariah,Beazleigh,zbeazleighb7@cloudflare.com,Male,United States,United States
405,1.16,18.35,Flour,Andonis,Hartzog,ahartzogb8@noaa.gov,Agender,Brazil,Brazil
406,4.5,16.59,Chicken Meat,Tiebout,Fabler,tfablerb9@xinhuanet.com,Male,Philippines,Philippines
407,8.22,10.92,Apples,Alicia,Rentoll,arentollba@ox.ac.uk,Female,United States,United States
408,8.66,18.9,Milk,Cathe,Beushaw,cbeushawbb@springer.com,Female,United States,United States
409,1.92,18.37,Eggs,Cliff,Storr,cstorrbc@networksolutions.com,Agender,Brazil,Brazil
410,2.0,14.62,Apples,Lesli,Rasper,lrasperbd@patch.com,Female,United States,United States
411,3.99,19.0,Wine,Pearline,Vanni,pvannibe@reuters.com,Female,Brazil,Brazil
412,4.48,12.74,Apples,Florette,Flawith,fflawithbf@artisteer.com,Female,United States,United States
413,8.54,11.5,Flour,Thomasina,Matisoff,tmatisoffbg@usa.gov,Female,Brazil,Brazil
414,6.46,15.34,Chicken Meat,Charlie,McAmish,cmcamishbh@twitter.com,Male,Philippines,Philippines
415,2.15,17.37,Chicken Meat,Humberto,Cory,hcorybi@constantcontact.com,Male,Brazil,Brazil
416,4.4,12.05,Apples,Patsy,Crocken,pcrockenbj@blogs.com,Female,,
417,4.07,15.34,Milk,Sinclare,Oblein,sobleinbk@huffingtonpost.com,Genderfluid,Philippines,Philippines
418,1.2,11.69,Flour,Aldrich,Helliar,ahelliarbl@usnews.com,Male,Philippines,Philippines
419,2.9,15.52,Milk,Millie,Hefner,mhefnerbm@ocn.ne.jp,Female,,
420,2.18,13.69,Beef,Nels,Tayler,ntaylerbn@biglobe.ne.jp,Non-binary,,
421,3.59,17.1,Milk,Catharina,Thowes,cthowesbo@cpanel.net,Female,Philippines,Philippines
422,7.71,11.14,Flour,Anders,Naisbitt,anaisbittbp@domainmarket.com,Non-binary,United States,United States
423,3.31,15.7,Milk,Michail,Deniscke,mdenisckebq@github.io,Male,Brazil,Brazil
424,2.91,10.78,Apples,Nathanial,Collingridge,ncollingridgebr@loc.gov,Male,,
425,6.3,17.13,Milk,Asia,Gooble,agooblebs@wikipedia.org,Female,Brazil,Brazil
426,4.67,16.51,Chicken Meat,Maxine,Sherred,msherredbt@businessweek.com,Female,Philippines,Philippines
427,3.23,14.77,Milk,Cathleen,Bussell,cbussellbu@purevolume.com,Female,Philippines,Philippines
428,6.93,14.67,Oranges,Rochella,Tremeer,rtremeerbv@fastcompany.com,Genderfluid,Philippines,Philippines
429,2.19,15.11,Apples,Gaelan,Pencot,gpencotbw@engadget.com,Male,Philippines,Philippines
430,8.39,13.8,Milk,Niels,Barczewski,nbarczewskibx@zdnet.com,Male,Philippines,Philippines
431,4.67,15.52,Eggs,Rebeca,Wickliffe,rwickliffeby@flickr.com,Female,United States,United States
432,3.36,15.96,Beef,June,Brammer,jbrammerbz@naver.com,Female,Brazil,Brazil
433,4.83,18.08,Chicken Meat,Dallon,Ginni,dginnic0@dedecms.com,Male,United States,United States
434,2.22,13.21,Milk,Cedric,Kemmons,ckemmonsc1@squidoo.com,Male,Brazil,Brazil
435,7.37,12.26,Beef,Scot,Kibbel,skibbelc2@wufoo.com,Male,Philippines,Philippines
436,8.46,13.81,Milk,Lexis,Conlaund,lconlaundc3@godaddy.com,Female,Philippines,Philippines
437,3.06,15.31,Oranges,Cecilio,Biddlestone,cbiddlestonec4@utexas.edu,Male,Philippines,Philippines
438,8.99,11.39,Flour,Nero,Mowbray,nmowbrayc5@buzzfeed.com,Male,Philippines,Philippines
439,1.63,13.92,Chicken Meat,Emogene,Lodin,elodinc6@businessweek.com,Female,Philippines,Philippines
440,1.07,12.67,Beef,Feliza,Garron,fgarronc7@hhs.gov,Female,,
441,5.9,12.92,Flour,Gretta,Roseburgh,groseburghc8@archive.org,Agender,,
442,1.65,18.67,Wine,Josh,Rashleigh,jrashleighc9@fastcompany.com,Male,Brazil,Brazil
443,6.12,12.89,Chicken Meat,Imelda,Bisseker,ibissekerca@usatoday.com,Female,Philippines,Philippines
444,6.25,18.77,Chicken Meat,Marthe,Hadeke,mhadekecb@reuters.com,Female,Philippines,Philippines
445,2.86,13.81,Wine,Killian,Drydale,kdrydalecc@diigo.com,Male,,
446,1.74,17.49,Chicken Meat,Tomas,Jolliffe,tjolliffecd@smh.com.au,Male,Brazil,Brazil
447,3.23,15.68,Flour,Jacklyn,Tregoning,jtregoningce@telegraph.co.uk,Female,Philippines,Philippines
448,7.13,14.15,Chicken Meat,Costa,Rough,croughcf@prweb.com,Male,Brazil,Brazil
449,1.03,17.75,Eggs,Rodrick,Cirlos,rcirloscg@gmpg.org,Male,Philippines,Philippines
450,7.21,17.03,Flour,Howie,Mulbry,hmulbrych@google.it,Male,,
451,3.72,15.8,Milk,Traver,Corr,tcorrci@scribd.com,Agender,United States,United States
452,8.71,12.23,Eggs,Trever,Perel,tperelcj@goo.gl,Male,Philippines,Philippines
453,4.43,12.61,Chicken Meat,Carena,Santacrole,csantacroleck@typepad.com,Female,Philippines,Philippines
454,8.57,18.53,Wine,Allis,Floweth,aflowethcl@google.ru,Female,Philippines,Philippines
455,7.36,10.58,Wine,Ulick,Dunabie,udunabiecm@ocn.ne.jp,Male,Brazil,Brazil
456,5.28,13.08,Oranges,Upton,Mattson,umattsoncn@cnbc.com,Male,Brazil,Brazil
457,8.39,10.1,Oranges,Ring,Baterip,rbateripco@woothemes.com,Male,United States,United States
458,4.81,13.87,Oranges,Georg,McVane,gmcvanecp@walmart.com,Genderqueer,Philippines,Philippines
459,5.95,10.55,Wine,Nananne,Dutton,nduttoncq@histats.com,Female,Philippines,Philippines
460,5.44,12.4,Beef,Eldridge,Eloi,eeloicr@i2i.jp,Male,Philippines,Philippines
461,2.89,12.38,Apples,Van,Heinzler,vheinzlercs@flavors.me,Male,United States,United States
462,4.59,18.2,Oranges,Elnora,Beavon,ebeavonct@hostgator.com,Female,United States,United States
463,7.08,11.79,Oranges,Abra,Kohen,akohencu@netscape.com,Female,Philippines,Philippines
464,7.94,17.12,Chicken Meat,Chucho,Ratray,cratraycv@jigsy.com,Male,Brazil,Brazil
465,5.22,15.8,Milk,Jacobo,Hamblett,jhamblettcw@hatena.ne.jp,Male,United States,United States
466,3.66,14.68,Wine,Kylynn,Larmour,klarmourcx@utexas.edu,Female,United States,United States
467,7.07,14.5,Beef,Gradeigh,Zorzenoni,gzorzenonicy@addthis.com,Agender,Brazil,Brazil
468,3.55,15.68,Milk,Bobinette,Boughey,bbougheycz@ustream.tv,Agender,Brazil,Brazil
469,6.06,10.99,Beef,Catriona,Mickan,cmickand0@spotify.com,Female,,
470,4.44,17.84,Flour,Wilton,Wellington,wwellingtond1@51.la,Male,Philippines,Philippines
471,8.91,13.17,Flour,Hope,Harker,hharkerd2@t.co,Female,Philippines,Philippines
472,4.03,17.97,Oranges,Sherwood,Mieville,smievilled3@economist.com,Male,Brazil,Brazil
473,8.56,13.76,Beef,Nelie,Kepling,nkeplingd4@odnoklassniki.ru,Female,,
474,6.44,12.71,Flour,Anallise,Patington,apatingtond5@homestead.com,Female,United States,United States
475,7.45,10.64,Oranges,Malvin,Moraleda,mmoraledad6@redcross.org,Polygender,United States,United States
476,1.48,13.68,Beef,Lorene,Waeland,lwaelandd7@yolasite.com,Genderfluid,Philippines,Philippines
477,3.71,11.81,Apples,Ede,Rochewell,erochewelld8@chronoengine.com,Genderfluid,Brazil,Brazil
478,6.78,14.29,Milk,Kati,Sheerman,ksheermand9@nbcnews.com,Female,Philippines,Philippines
479,8.46,14.5,Eggs,Silvan,Wordsworth,swordsworthda@blogs.com,Male,United States,United States
480,2.67,10.57,Oranges,Cam,Jeyness,cjeynessdb@technorati.com,Male,Brazil,Brazil
481,4.37,10.7,Oranges,Ber,Georgius,bgeorgiusdc@dailymotion.com,Genderfluid,Philippines,Philippines
482,6.9,12.67,Beef,Laure,Walstow,lwalstowdd@posterous.com,Female,United States,United States
483,2.78,10.86,Milk,Corbie,Pinnere,cpinnerede@harvard.edu,Male,Brazil,Brazil
484,2.87,12.92,Beef,Selia,Bagniuk,sbagniukdf@mayoclinic.com,Female,,
485,5.81,13.25,Eggs,Terencio,Breeze,tbreezedg@ebay.co.uk,Male,Brazil,Brazil
486,2.87,15.04,Flour,Shana,Flacknoe,sflacknoedh@upenn.edu,Female,Brazil,Brazil
487,5.72,10.37,Flour,Royal,Ronchi,rronchidi@parallels.com,Male,Brazil,Brazil
488,5.35,16.97,Milk,Alwyn,Fiddiman,afiddimandj@umich.edu,Male,Brazil,Brazil
489,1.28,17.72,Eggs,Mariana,Yeandel,myeandeldk@cnbc.com,Female,,
490,3.67,18.75,Eggs,Elayne,McIlwaine,emcilwainedl@usnews.com,Female,Brazil,Brazil
491,3.9,15.46,Chicken Meat,Stanwood,Ponting,spontingdm@nifty.com,Male,Brazil,Brazil
492,1.3,18.53,Flour,Hashim,Fideler,hfidelerdn@networksolutions.com,Male,Philippines,Philippines
493,6.21,12.37,Chicken Meat,Christos,Cottie,ccottiedo@rediff.com,Male,Philippines,Philippines
494,8.52,18.65,Wine,Daffy,Hamerton,dhamertondp@google.co.jp,Female,Philippines,Philippines
495,1.08,11.58,Apples,Moritz,Fitzer,mfitzerdq@ihg.com,Male,Philippines,Philippines
496,3.32,16.51,Apples,Anya,Perceval,apercevaldr@ftc.gov,Female,Philippines,Philippines
497,4.33,18.7,Oranges,Tremayne,Elby,telbyds@istockphoto.com,Male,,
498,7.88,10.54,Beef,Florance,Gianiello,fgianiellodt@studiopress.com,Female,Philippines,Philippines
499,5.49,11.96,Apples,Wallis,Kingsnorth,wkingsnorthdu@youtube.com,Male,Philippines,Philippines
500,5.84,14.39,Oranges,Persis,Woan,pwoandv@huffingtonpost.com,Female,Philippines,Philippines
501,2.46,17.63,Eggs,Boycie,O'Lenechan,bolenechandw@networksolutions.com,Male,,
502,4.95,15.23,Milk,Frederico,MacGilpatrick,fmacgilpatrickdx@nationalgeographic.com,Male,Brazil,Brazil
503,8.56,18.88,Oranges,Wyatt,Deplacido,wdeplacidody@yahoo.com,Male,Philippines,Philippines
504,7.63,12.35,Milk,Joline,Humfrey,jhumfreydz@dedecms.com,Female,,
505,4.86,11.45,Milk,Lewes,Capelin,lcapeline0@canalblog.com,Male,Brazil,Brazil
506,2.06,16.96,Chicken Meat,Ruth,Khomich,rkhomiche1@ning.com,Female,Philippines,Philippines
507,2.62,10.56,Oranges,Nikki,Chstney,nchstneye2@sina.com.cn,Female,,
508,2.56,14.06,Flour,Tova,Demkowicz,tdemkowicze3@microsoft.com,Female,Brazil,Brazil
509,3.73,15.43,Chicken Meat,Chandler,Farncombe,cfarncombee4@discovery.com,Male,Brazil,Brazil
510,5.34,10.04,Flour,Lishe,Winspur,lwinspure5@phoca.cz,Female,Brazil,Brazil
511,2.95,12.57,Oranges,Clayborne,Battram,cbattrame6@liveinternet.ru,Male,United States,United States
512,7.91,17.84,Beef,Holly-anne,Nadin,hnadine7@dell.com,Female,Brazil,Brazil
513,4.5,15.7,Chicken Meat,Jacob,Rogerot,jrogerote8@newsvine.com,Male,Philippines,Philippines
514,2.47,18.87,Apples,Gaspard,Illesley,gillesleye9@geocities.jp,Male,Brazil,Brazil
515,8.09,16.98,Wine,Maible,Jenney,mjenneyea@google.ca,Female,Brazil,Brazil
516,8.44,15.97,Apples,Frederica,Attewell,fattewelleb@bizjournals.com,Female,United States,United States
517,5.69,16.24,Oranges,Barb,Combe,bcombeec@reference.com,Female,Philippines,Philippines
518,5.54,16.12,Flour,Lorenzo,MacNeely,lmacneelyed@arstechnica.com,Male,Philippines,Philippines
519,3.01,14.48,Chicken Meat,Merell,Dibdale,mdibdaleee@soup.io,Male,Brazil,Brazil
520,2.65,10.32,Wine,Hurlee,Besnardeau,hbesnardeauef@cmu.edu,Male,Philippines,Philippines
521,5.93,14.75,Apples,Mort,Elcoat,melcoateg@weebly.com,Male,Philippines,Philippines
522,5.7,13.3,Apples,Ester,Mussington,emussingtoneh@fda.gov,Female,United States,United States
523,1.36,15.36,Beef,Hanny,Matyushenko,hmatyushenkoei@telegraph.co.uk,Female,Brazil,Brazil
524,8.79,17.36,Beef,Andree,Jaskiewicz,ajaskiewiczej@nydailynews.com,Female,,
525,8.96,12.06,Wine,Niccolo,Sille,nsilleek@addtoany.com,Male,Brazil,Brazil
526,4.59,14.3,Eggs,Howie,Costock,hcostockel@ibm.com,Male,United States,United States
527,8.27,13.18,Apples,Barth,Giacomozzo,bgiacomozzoem@addtoany.com,Male,Brazil,Brazil
528,4.85,10.41,Chicken Meat,Shellysheldon,Mohun,smohunen@omniture.com,Male,Brazil,Brazil
529,3.22,13.64,Beef,Viki,Caines,vcaineseo@parallels.com,Female,Brazil,Brazil
530,6.72,14.43,Flour,Timothee,Bitcheno,tbitchenoep@vinaora.com,Male,Philippines,Philippines
531,6.69,11.17,Eggs,Augustina,Baddow,abaddoweq@posterous.com,Female,United States,United States
532,7.47,16.06,Eggs,Towney,Buterton,tbutertoner@printfriendly.com,Male,United States,United States
533,1.74,18.65,Milk,Kerrie,McTrusty,kmctrustyes@biglobe.ne.jp,Female,Brazil,Brazil
534,5.24,13.03,Wine,Monika,McAughtrie,mmcaughtrieet@imgur.com,Female,Brazil,Brazil
535,8.55,10.96,Milk,Danita,D'Ambrogi,ddambrogieu@blog.com,Female,Brazil,Brazil
536,2.02,10.84,Flour,Willie,Lieb,wliebev@cornell.edu,Female,Philippines,Philippines
537,2.56,15.88,Milk,Tamarah,Asty,tastyew@dyndns.org,Female,Philippines,Philippines
538,7.05,14.04,Eggs,Nils,Flannigan,nflanniganex@vimeo.com,Male,Brazil,Brazil
539,6.63,15.72,Chicken Meat,Nancee,Adamou,nadamouey@instagram.com,Female,Philippines,Philippines
540,1.9,14.87,Chicken Meat,Lindy,Gothliff,lgothliffez@g.co,Male,Philippines,Philippines
541,2.19,14.23,Flour,Sara-ann,Antonich,santonichf0@oaic.gov.au,Female,United States,United States
542,2.48,11.38,Milk,Alexandr,Brothwell,abrothwellf1@flavors.me,Male,United States,United States
543,2.34,12.45,Milk,Ardelis,MacGuiness,amacguinessf2@lycos.com,Female,Philippines,Philippines
544,7.78,12.94,Eggs,Gloriane,Tarren,gtarrenf3@technorati.com,Genderqueer,Philippines,Philippines
545,1.86,18.69,Wine,Andie,Egarr,aegarrf4@marriott.com,Male,Brazil,Brazil
546,5.58,14.73,Eggs,Ferdinand,Ceresa,fceresaf5@sakura.ne.jp,Male,Brazil,Brazil
547,6.33,13.58,Chicken Meat,Christoph,Hundley,chundleyf6@wikipedia.org,Male,Brazil,Brazil
548,8.3,16.62,Apples,Cathleen,Deniso,cdenisof7@mysql.com,Female,Philippines,Philippines
549,1.97,14.77,Beef,Aarika,Sherlaw,asherlawf8@msn.com,Female,,
550,5.03,17.5,Wine,Marrissa,Batch,mbatchf9@dagondesign.com,Female,Philippines,Philippines
551,1.73,15.59,Wine,Viki,Cunnah,vcunnahfa@princeton.edu,Female,United States,United States
552,8.17,12.08,Oranges,Ellswerth,Mainwaring,emainwaringfb@un.org,Male,Philippines,Philippines
553,6.46,14.59,Eggs,Johna,Griffitts,jgriffittsfc@rambler.ru,Female,Philippines,Philippines
554,8.74,16.0,Chicken Meat,Drugi,Jarrold,djarroldfd@shareasale.com,Male,Brazil,Brazil
555,6.6,10.48,Oranges,Franky,McLafferty,fmclaffertyfe@bravesites.com,Agender,United States,United States
556,7.35,11.18,Wine,Cass,Marousek,cmarousekff@eepurl.com,Male,Philippines,Philippines
557,1.89,13.57,Chicken Meat,Dennie,Ramalhete,dramalhetefg@drupal.org,Genderqueer,Brazil,Brazil
558,6.41,13.35,Eggs,Chev,Teather,cteatherfh@fastcompany.com,Male,Brazil,Brazil
559,3.16,15.12,Flour,Bee,Lauder,blauderfi@yahoo.co.jp,Female,United States,United States
560,6.93,12.96,Beef,Quincey,Gaul,qgaulfj@shinystat.com,Male,Philippines,Philippines
561,1.29,10.15,Oranges,Raviv,Chesterman,rchestermanfk@slashdot.org,Male,,
562,4.1,17.66,Wine,Aleen,Neath,aneathfl@thetimes.co.uk,Female,Brazil,Brazil
563,8.07,18.3,Oranges,Guido,Rochford,grochfordfm@si.edu,Male,Brazil,Brazil
564,5.67,14.0,Flour,Bengt,Pioli,bpiolifn@exblog.jp,Male,Philippines,Philippines
565,4.61,12.25,Chicken Meat,Karly,Millott,kmillottfo@photobucket.com,Female,Philippines,Philippines
566,2.82,18.93,Beef,Alexandra,Ellery,aelleryfp@networksolutions.com,Bigender,Brazil,Brazil
567,4.12,18.87,Milk,Pascal,Haresnaip,pharesnaipfq@prnewswire.com,Male,Philippines,Philippines
568,2.09,15.68,Beef,Kathryne,Mogenot,kmogenotfr@geocities.com,Female,Brazil,Brazil
569,2.52,10.98,Flour,Lia,Van Castele,lvancastelefs@php.net,Female,Brazil,Brazil
570,3.22,16.24,Flour,Quinn,Lampett,qlampettft@telegraph.co.uk,Male,United States,United States
571,7.45,17.81,Chicken Meat,Kelley,Hanvey,khanveyfu@51.la,Male,Philippines,Philippines
572,4.08,14.72,Eggs,Herbert,Ewbanke,hewbankefv@stanford.edu,Male,Philippines,Philippines
573,4.23,12.57,Flour,Clemmy,Taylerson,ctaylersonfw@printfriendly.com,Agender,,
574,7.42,17.01,Oranges,Wandis,Deverale,wdeveralefx@dedecms.com,Female,Philippines,Philippines
575,6.24,13.28,Oranges,Hilary,Bonny,hbonnyfy@trellian.com,Male,United States,United States
576,7.46,13.07,Beef,Nataniel,MacAne,nmacanefz@friendfeed.com,Male,,
577,4.13,18.92,Flour,Marlin,Hilldrop,mhilldropg0@list-manage.com,Male,Brazil,Brazil
578,3.23,13.18,Beef,Sybille,Yankin,syanking1@wordpress.com,Genderfluid,,
579,1.15,12.47,Chicken Meat,Tiff,Minchindon,tminchindong2@whitehouse.gov,Female,Philippines,Philippines
580,6.57,16.55,Eggs,Lauritz,Gadsden,lgadsdeng3@cam.ac.uk,Male,United States,United States
581,8.27,16.61,Eggs,Kaitlynn,Cristofol,kcristofolg4@foxnews.com,Female,Brazil,Brazil
582,5.64,15.58,Chicken Meat,Melva,Whiteley,mwhiteleyg5@unesco.org,Female,Philippines,Philippines
583,7.32,16.09,Wine,Gloriana,Veltman,gveltmang6@oracle.com,Female,United States,United States
584,1.7,12.61,Wine,Archibaldo,Groundwator,agroundwatorg7@mail.ru,Non-binary,Philippines,Philippines
585,2.1,11.3,Chicken Meat,Kial,McDonell,kmcdonellg8@biglobe.ne.jp,Female,Brazil,Brazil
586,1.39,11.34,Beef,Aleksandr,Crofts,acroftsg9@miibeian.gov.cn,Male,,
587,4.86,10.82,Chicken Meat,Allayne,Lamborn,alambornga@wikia.com,Male,United States,United States
588,1.63,13.52,Beef,Maryanne,Satchel,msatchelgb@diigo.com,Female,Philippines,Philippines
589,6.93,13.12,Milk,Gerri,Dunsire,gdunsiregc@hc360.com,Genderfluid,Brazil,Brazil
590,2.56,16.07,Chicken Meat,Shalna,D'Adamo,sdadamogd@istockphoto.com,Non-binary,Philippines,Philippines
591,4.56,12.92,Flour,Michal,Doe,mdoege@nytimes.com,Male,United States,United States
592,5.89,15.65,Milk,Erek,Denisovo,edenisovogf@google.cn,Male,,
593,2.11,15.91,Wine,Barrie,Huscroft,bhuscroftgg@berkeley.edu,Polygender,Philippines,Philippines
594,1.28,11.09,Beef,Hussein,Theuff,htheuffgh@miibeian.gov.cn,Male,,
595,8.29,16.59,Chicken Meat,Curt,Apdell,capdellgi@icq.com,Male,,
596,8.59,11.29,Eggs,Sherilyn,Shearwood,sshearwoodgj@mysql.com,Female,Brazil,Brazil
597,4.5,10.05,Apples,Fionna,Mangan,fmangangk@youku.com,Female,Brazil,Brazil
598,6.62,10.31,Flour,Winn,Giacomo,wgiacomogl@behance.net,Male,Brazil,Brazil
599,2.68,11.43,Beef,Darrell,Daulton,ddaultongm@rambler.ru,Male,Brazil,Brazil
600,5.29,18.94,Beef,Trace,Lowers,tlowersgn@census.gov,Male,Brazil,Brazil
601,4.48,16.69,Chicken Meat,Jase,Beecham,jbeechamgo@51.la,Male,Philippines,Philippines
602,3.82,14.27,Wine,Hortense,Sappell,hsappellgp@stumbleupon.com,Female,Philippines,Philippines
603,3.48,16.84,Beef,Henrik,Loud,hloudgq@sun.com,Male,United States,United States
604,4.95,15.23,Flour,Bone,Padefield,bpadefieldgr@sina.com.cn,Male,Philippines,Philippines
605,6.09,10.77,Beef,Sally,Goodoune,sgoodounegs@bbb.org,Female,Brazil,Brazil
606,3.61,10.01,Apples,Cash,Duckit,cduckitgt@tinyurl.com,Male,Brazil,Brazil
607,2.94,14.97,Flour,Lucita,Lincoln,llincolngu@instagram.com,Female,Philippines,Philippines
608,4.57,16.74,Apples,Carlye,Hazelgreave,chazelgreavegv@sina.com.cn,Female,United States,United States
609,4.55,10.24,Oranges,Mitchell,Judron,mjudrongw@mashable.com,Male,Brazil,Brazil
610,3.06,15.39,Wine,Anitra,Bransden,abransdengx@blogger.com,Female,,
611,5.31,17.41,Wine,Erskine,Sedge,esedgegy@cbsnews.com,Male,Brazil,Brazil
612,8.71,10.09,Wine,Morrie,Kenan,mkenangz@studiopress.com,Male,Philippines,Philippines
613,6.21,11.21,Eggs,Winfred,Osban,wosbanh0@weather.com,Male,United States,United States
614,7.7,11.71,Oranges,Zola,Loveridge,zloveridgeh1@youtu.be,Female,United States,United States
615,2.85,15.98,Oranges,Iosep,Matysik,imatysikh2@behance.net,Polygender,United States,United States
616,2.5,12.02,Apples,Fran,Adamson,fadamsonh3@mozilla.org,Female,,
617,1.19,10.7,Chicken Meat,Joycelin,Gibbings,jgibbingsh4@barnesandnoble.com,Female,Philippines,Philippines
618,2.24,16.52,Flour,Clayson,Greenless,cgreenlessh5@scribd.com,Male,,
619,8.48,13.35,Flour,Clayborne,Godleman,cgodlemanh6@typepad.com,Non-binary,Brazil,Brazil
620,8.18,13.5,Apples,Benedikt,Wrennall,bwrennallh7@tmall.com,Male,United States,United States
621,7.51,12.37,Wine,Harland,Minerdo,hminerdoh8@amazonaws.com,Male,Brazil,Brazil
622,8.14,14.92,Eggs,Franni,Leber,fleberh9@amazonaws.com,Female,United States,United States
623,2.74,18.84,Milk,Lavinie,Kindred,lkindredha@ihg.com,Female,Philippines,Philippines
624,2.63,17.11,Eggs,Jeffrey,Winsom,jwinsomhb@qq.com,Male,,
625,8.22,16.39,Wine,Alair,Licciardello,alicciardellohc@fema.gov,Male,,
626,5.13,10.36,Beef,Northrup,Whiten,nwhitenhd@toplist.cz,Male,Brazil,Brazil
627,8.58,13.44,Chicken Meat,Elliott,Duhig,eduhighe@squarespace.com,Male,Brazil,Brazil
628,6.79,13.53,Milk,Regan,Passingham,rpassinghamhf@icio.us,Genderqueer,United States,United States
629,2.13,14.3,Flour,Gaultiero,Heelis,gheelishg@youtu.be,Male,Brazil,Brazil
630,7.1,13.77,Flour,Marcile,McPolin,mmcpolinhh@privacy.gov.au,Non-binary,,
631,7.52,11.97,Milk,Flor,Jados,fjadoshi@sciencedaily.com,Female,Brazil,Brazil
632,3.12,13.5,Chicken Meat,Rickie,Lacer,rlacerhj@patch.com,Male,Philippines,Philippines
633,4.63,17.47,Milk,Isador,Soppitt,isoppitthk@pinterest.com,Male,United States,United States
634,6.25,18.22,Wine,Garfield,Ineson,ginesonhl@paypal.com,Male,Brazil,Brazil
635,2.47,14.0,Beef,Ringo,Delhanty,rdelhantyhm@multiply.com,Male,Philippines,Philippines
636,6.24,10.87,Flour,Karlens,Shardlow,kshardlowhn@163.com,Bigender,Brazil,Brazil
637,2.86,11.62,Wine,Hector,Clorley,hclorleyho@yale.edu,Male,Brazil,Brazil
638,2.53,17.34,Chicken Meat,Angelia,Loudwell,aloudwellhp@is.gd,Female,Philippines,Philippines
639,6.92,15.56,Chicken Meat,Darcy,Orehead,doreheadhq@netvibes.com,Male,Philippines,Philippines
640,7.64,11.24,Milk,Red,Garm,rgarmhr@over-blog.com,Male,Brazil,Brazil
641,6.51,11.39,Milk,Hortensia,Scorrer,hscorrerhs@cisco.com,Female,Brazil,Brazil
642,8.9,13.17,Oranges,Karel,Sertin,ksertinht@deviantart.com,Male,Philippines,Philippines
643,4.15,12.19,Beef,Vicki,Tyson,vtysonhu@typepad.com,Female,Philippines,Philippines
644,3.93,17.05,Wine,Wilhelm,Shelvey,wshelveyhv@desdev.cn,Male,Philippines,Philippines
645,4.2,15.7,Apples,Selig,Penas,spenashw@statcounter.com,Male,Philippines,Philippines
646,8.83,18.09,Apples,Ailbert,Bottinelli,abottinellihx@pcworld.com,Male,United States,United States
647,3.04,18.49,Beef,Swen,Infantino,sinfantinohy@alexa.com,Male,Philippines,Philippines
648,4.39,18.47,Wine,Murdoch,Sabban,msabbanhz@go.com,Male,Philippines,Philippines
649,3.27,18.36,Oranges,Anabal,Earie,aeariei0@wiley.com,Female,Philippines,Philippines
650,8.03,15.06,Eggs,Alys,Ebbetts,aebbettsi1@samsung.com,Female,Philippines,Philippines
651,1.85,15.16,Wine,Maryjane,Caisley,mcaisleyi2@bbb.org,Female,Brazil,Brazil
652,8.54,15.09,Chicken Meat,Garrard,Wince,gwincei3@irs.gov,Male,Brazil,Brazil
653,5.16,12.72,Milk,Andras,Woodcock,awoodcocki4@sourceforge.net,Male,,
654,5.53,18.37,Chicken Meat,Bertie,Clemens,bclemensi5@cbsnews.com,Genderqueer,Brazil,Brazil
655,6.46,12.88,Oranges,Codee,Trownson,ctrownsoni6@imageshack.us,Female,Philippines,Philippines
656,7.45,12.36,Apples,Karole,Bentinck,kbentincki7@yandex.ru,Female,,
657,6.7,13.92,Beef,Mildred,Kembrey,mkembreyi8@latimes.com,Female,Brazil,Brazil
658,3.11,18.1,Flour,Perren,Gummoe,pgummoei9@howstuffworks.com,Male,United States,United States
659,4.72,14.99,Wine,Nathalia,Stallebrass,nstallebrassia@fda.gov,Female,Philippines,Philippines
660,2.18,18.12,Flour,Taite,Stalf,tstalfib@vkontakte.ru,Male,Philippines,Philippines
661,2.81,11.65,Oranges,Sly,Skivington,sskivingtonic@comcast.net,Male,Philippines,Philippines
662,3.76,12.79,Flour,Lucie,Scully,lscullyid@wisc.edu,Female,United States,United States
663,1.62,12.48,Chicken Meat,Amberly,Foulger,afoulgerie@yandex.ru,Female,Brazil,Brazil
664,3.03,12.98,Chicken Meat,Ethe,Cullabine,ecullabineif@printfriendly.com,Male,Brazil,Brazil
665,6.19,15.83,Oranges,Dion,Ancketill,dancketillig@virginia.edu,Male,,
666,1.18,17.92,Apples,Aldin,Reubel,areubelih@wisc.edu,Male,,
667,5.72,12.02,Apples,Monty,Duker,mdukerii@elegantthemes.com,Non-binary,Brazil,Brazil
668,2.58,12.94,Chicken Meat,Zaria,Jest,zjestij@aboutads.info,Female,Philippines,Philippines
669,6.98,13.59,Wine,Whitman,Kinnach,wkinnachik@mail.ru,Male,Philippines,Philippines
670,3.62,16.75,Apples,Toni,Bohlje,tbohljeil@privacy.gov.au,Female,Philippines,Philippines
671,8.02,15.11,Apples,Esma,Upham,euphamim@twitter.com,Genderqueer,Philippines,Philippines
672,6.69,18.47,Oranges,Valerie,Cockren,vcockrenin@mysql.com,Genderqueer,United States,United States
673,5.04,14.62,Flour,Aubree,Greggersen,agreggersenio@rakuten.co.jp,Female,Brazil,Brazil
674,2.37,11.43,Eggs,Florella,Tenniswood,ftenniswoodip@desdev.cn,Female,Brazil,Brazil
675,2.79,10.35,Oranges,Orv,Bellhouse,obellhouseiq@rambler.ru,Male,Philippines,Philippines
676,5.62,17.45,Chicken Meat,Marylynne,Killigrew,mkilligrewir@mashable.com,Female,Philippines,Philippines
677,4.94,18.0,Milk,King,Linne,klinneis@noaa.gov,Male,Brazil,Brazil
678,7.96,10.07,Wine,Farlee,Daborn,fdabornit@posterous.com,Male,Brazil,Brazil
679,1.3,14.34,Oranges,Lucien,Blumfield,lblumfieldiu@gravatar.com,Male,Brazil,Brazil
680,4.06,14.93,Oranges,Janet,Goodby,jgoodbyiv@stanford.edu,Female,Philippines,Philippines
681,7.97,12.8,Wine,Callie,Tompkiss,ctompkissiw@ft.com,Female,Philippines,Philippines
682,3.75,18.87,Beef,Gratiana,Tenney,gtenneyix@nsw.gov.au,Female,Brazil,Brazil
683,4.11,17.23,Wine,Ira,Ganley,iganleyiy@pcworld.com,Female,Philippines,Philippines
684,5.72,13.79,Oranges,Artie,Goldup,agoldupiz@imdb.com,Male,Philippines,Philippines
685,2.67,11.88,Beef,Kin,Maxted,kmaxtedj0@cbsnews.com,Male,Brazil,Brazil
686,4.89,12.77,Oranges,Marigold,Silverston,msilverstonj1@ed.gov,Female,Brazil,Brazil
687,5.53,13.47,Chicken Meat,Lew,Kinningley,lkinningleyj2@tamu.edu,Male,Philippines,Philippines
688,7.0,16.5,Chicken Meat,Chelsie,Finci,cfincij3@stumbleupon.com,Female,Philippines,Philippines
689,3.6,13.15,Beef,Nonnah,Graeme,ngraemej4@nhs.uk,Female,Brazil,Brazil
690,8.42,13.99,Wine,Roderich,Janton,rjantonj5@walmart.com,Male,United States,United States
691,1.39,17.11,Apples,Leroy,Wabey,lwabeyj6@virginia.edu,Male,United States,United States
692,3.71,18.7,Wine,Roi,Neagle,rneaglej7@abc.net.au,Male,,
693,7.32,18.93,Milk,Lurette,Snugg,lsnuggj8@people.com.cn,Agender,Brazil,Brazil
694,8.96,17.22,Oranges,Gussy,Filipson,gfilipsonj9@dedecms.com,Female,Philippines,Philippines
695,5.95,17.58,Chicken Meat,Everett,Cusick,ecusickja@ask.com,Male,United States,United States
696,3.31,17.69,Milk,Aurlie,Cutriss,acutrissjb@businesswire.com,Female,United States,United States
697,2.32,15.5,Beef,Lonni,Kenson,lkensonjc@ucoz.com,Female,Philippines,Philippines
698,3.85,13.15,Apples,Torrance,Garlett,tgarlettjd@wix.com,Male,Brazil,Brazil
699,3.07,18.05,Milk,Dolf,Teape,dteapeje@xinhuanet.com,Male,Philippines,Philippines
700,7.44,14.67,Beef,Liv,Fandrich,lfandrichjf@home.pl,Female,Philippines,Philippines
701,6.57,16.01,Beef,Erskine,Levensky,elevenskyjg@surveymonkey.com,Male,Philippines,Philippines
702,6.84,12.25,Apples,Coriss,Hazart,chazartjh@ocn.ne.jp,Female,,
703,1.94,10.04,Beef,Burtie,McConaghy,bmcconaghyji@ebay.com,Male,Brazil,Brazil
704,7.66,15.03,Beef,Bernardo,Mose,bmosejj@icq.com,Male,Brazil,Brazil
705,5.17,10.34,Oranges,Gui,Gillings,ggillingsjk@homestead.com,Female,United States,United States
706,2.43,14.31,Beef,Bob,Vaughn,bvaughnjl@webmd.com,Male,Philippines,Philippines
707,1.78,18.44,Apples,Hatty,Anscott,hanscottjm@yelp.com,Female,Brazil,Brazil
708,7.96,15.47,Apples,Allin,Jeduch,ajeduchjn@who.int,Male,Philippines,Philippines
709,3.66,18.83,Chicken Meat,Dermot,Domico,ddomicojo@bigcartel.com,Male,Brazil,Brazil
710,1.44,14.29,Eggs,Goober,Berriball,gberriballjp@etsy.com,Male,Brazil,Brazil
711,2.01,10.9,Beef,Delaney,Byrom,dbyromjq@youtu.be,Male,Brazil,Brazil
712,1.58,16.63,Wine,Wendell,Ewington,wewingtonjr@sakura.ne.jp,Male,Philippines,Philippines
713,5.85,11.3,Oranges,Maryanna,deKnevet,mdeknevetjs@cdc.gov,Female,Philippines,Philippines
714,4.85,10.2,Eggs,Ali,Ewing,aewingjt@bbc.co.uk,Genderqueer,Brazil,Brazil
715,2.62,18.87,Beef,Sonny,Takle,stakleju@discuz.net,Male,United States,United States
716,7.41,14.42,Beef,Micheal,Aseef,maseefjv@sfgate.com,Male,Philippines,Philippines
717,5.03,14.32,Milk,Antonina,Fears,afearsjw@discuz.net,Female,Philippines,Philippines
718,7.74,16.85,Milk,Joleen,Linkin,jlinkinjx@pen.io,Female,,
719,1.92,17.06,Apples,Eva,Dudgeon,edudgeonjy@ifeng.com,Polygender,Philippines,Philippines
720,4.73,17.58,Chicken Meat,Bride,Malthouse,bmalthousejz@mac.com,Female,United States,United States
721,3.77,17.66,Oranges,Rebekah,Giraudeau,rgiraudeauk0@constantcontact.com,Female,United States,United States
722,7.22,17.16,Eggs,Teresina,Morant,tmorantk1@nhs.uk,Female,Philippines,Philippines
723,4.75,10.05,Eggs,Min,Orpwood,morpwoodk2@amazon.com,Female,United States,United States
724,8.94,12.34,Beef,Neysa,Dineen,ndineenk3@discuz.net,Female,,
725,3.62,13.95,Flour,Yoshiko,Jullian,yjulliank4@alexa.com,Female,Brazil,Brazil
726,3.97,15.0,Wine,Spencer,Culross,sculrossk5@myspace.com,Agender,Brazil,Brazil
727,2.79,15.31,Flour,Silvano,Bullerwell,sbullerwellk6@phpbb.com,Male,United States,United States
728,6.87,13.73,Apples,Cale,Hickford,chickfordk7@bloglovin.com,Male,Philippines,Philippines
729,3.18,15.29,Wine,Anita,Diggar,adiggark8@sitemeter.com,Female,Philippines,Philippines
730,3.98,18.41,Oranges,Karol,Petasch,kpetaschk9@go.com,Female,Philippines,Philippines
731,4.68,11.67,Eggs,Illa,Benzing,ibenzingka@un.org,Female,Brazil,Brazil
732,4.0,18.4,Flour,Celene,St. Queintain,cstqueintainkb@state.gov,Female,Australia,Australia
733,7.94,10.47,Wine,Emlynn,Neal,enealkc@yolasite.com,Genderfluid,Brazil,Brazil
734,5.49,17.26,Beef,Jacquelin,Hefford,jheffordkd@phpbb.com,Female,Philippines,Philippines
735,7.28,11.82,Apples,Christy,MacDermid,cmacdermidke@over-blog.com,Male,,
736,7.78,14.97,Apples,Mikey,Brixey,mbrixeykf@ebay.co.uk,Male,,
737,7.4,18.13,Flour,Zorine,Raynton,zrayntonkg@blogspot.com,Female,Brazil,Brazil
738,6.93,15.76,Beef,Cristie,Zanioletti,czaniolettikh@buzzfeed.com,Female,United States,United States
739,1.14,15.66,Eggs,Yolande,Plews,yplewski@jigsy.com,Female,Philippines,Philippines
740,1.84,13.22,Oranges,Bradan,Jeaycock,bjeaycockkj@bloglines.com,Male,Philippines,Philippines
741,3.68,10.31,Chicken Meat,Andy,De Witt,adewittkk@sogou.com,Genderqueer,Philippines,Philippines
742,6.33,13.55,Wine,Heloise,Dudmesh,hdudmeshkl@google.it,Female,Brazil,Brazil
743,9.0,12.26,Apples,Claudian,Haggerwood,chaggerwoodkm@ted.com,Male,United States,United States
744,1.73,14.09,Apples,Raquela,Manna,rmannakn@cocolog-nifty.com,Female,Philippines,Philippines
745,1.32,18.27,Wine,Wallie,Thomassen,wthomassenko@admin.ch,Male,Brazil,Brazil
746,8.16,15.08,Milk,Maury,Elloit,melloitkp@etsy.com,Male,Philippines,Philippines
747,8.81,15.43,Milk,Karil,Schinetti,kschinettikq@washington.edu,Female,,
748,8.79,13.7,Beef,Kacie,Preshaw,kpreshawkr@biglobe.ne.jp,Female,Philippines,Philippines
749,2.97,12.36,Apples,Gregoire,Shoubridge,gshoubridgeks@canalblog.com,Male,Brazil,Brazil
750,8.35,12.03,Beef,Timothy,Dittson,tdittsonkt@gravatar.com,Male,Brazil,Brazil
751,5.75,18.05,Apples,Freemon,Simnell,fsimnellku@cbslocal.com,Male,Philippines,Philippines
752,7.4,11.83,Eggs,Dewie,Ladd,dladdkv@smh.com.au,Male,Brazil,Brazil
753,2.82,11.03,Eggs,Waylan,Frizell,wfrizellkw@nsw.gov.au,Male,Philippines,Philippines
754,1.75,13.11,Milk,Consuelo,Larkin,clarkinkx@home.pl,Female,,
755,2.45,18.13,Milk,Cedric,Bambrugh,cbambrughky@illinois.edu,Male,Philippines,Philippines
756,7.1,11.97,Wine,Alberta,Thatcham,athatchamkz@upenn.edu,Female,,
757,1.07,12.48,Apples,Nikolaus,Tillard,ntillardl0@github.com,Male,Brazil,Brazil
758,3.26,14.82,Beef,Mariele,Adolfson,madolfsonl1@issuu.com,Female,,
759,6.34,16.08,Chicken Meat,Ibbie,Arnefield,iarnefieldl2@ed.gov,Female,Philippines,Philippines
760,2.22,10.94,Milk,Shem,Cammacke,scammackel3@digg.com,Genderqueer,Philippines,Philippines
761,7.92,11.6,Apples,Alfy,Lincke,alinckel4@cnet.com,Male,United States,United States
762,2.79,16.75,Milk,Shanie,Russe,srussel5@arstechnica.com,Female,Brazil,Brazil
763,1.68,13.06,Milk,Lucy,Joberne,ljobernel6@live.com,Female,Philippines,Philippines
764,3.48,11.62,Milk,Inglis,Vear,ivearl7@latimes.com,Male,Philippines,Philippines
765,7.98,13.45,Beef,Sibeal,Revel,srevell8@oakley.com,Non-binary,Philippines,Philippines
766,6.23,14.73,Milk,Maximilien,Cooling,mcoolingl9@oakley.com,Male,United States,United States
767,6.18,16.39,Oranges,Sonnie,Cawsey,scawseyla@prlog.org,Male,Brazil,Brazil
768,5.32,13.53,Eggs,Giacopo,Fernez,gfernezlb@fotki.com,Male,Philippines,Philippines
769,8.34,12.28,Milk,Benedetto,Coppo,bcoppolc@guardian.co.uk,Non-binary,Brazil,Brazil
770,7.33,13.08,Flour,Kermie,Rawlence,krawlenceld@psu.edu,Male,Philippines,Philippines
771,8.25,11.77,Eggs,Denice,Collelton,dcolleltonle@sun.com,Female,United States,United States
772,4.09,13.31,Eggs,Micheline,Bourdas,mbourdaslf@opera.com,Female,Brazil,Brazil
773,2.74,11.55,Eggs,Sella,Marklow,smarklowlg@yandex.ru,Female,Philippines,Philippines
774,8.13,17.22,Eggs,Geri,Roo,groolh@uiuc.edu,Female,Brazil,Brazil
775,6.63,11.36,Milk,Vernen,Hubeaux,vhubeauxli@answers.com,Male,,
776,5.86,10.24,Oranges,Inglebert,Webburn,iwebburnlj@bandcamp.com,Male,,
777,8.9,12.52,Eggs,Bibi,Tubby,btubbylk@goo.ne.jp,Female,United States,United States
778,3.98,14.51,Oranges,Huey,Dreini,hdreinill@sphinn.com,Male,Philippines,Philippines
779,7.42,18.07,Eggs,Tanya,Backler,tbacklerlm@umich.edu,Female,Philippines,Philippines
780,1.39,13.61,Milk,Gasper,Olenov,golenovln@dedecms.com,Genderqueer,,
781,6.78,14.93,Chicken Meat,Murial,Livings,mlivingslo@yellowpages.com,Female,Brazil,Brazil
782,8.33,10.37,Milk,Bird,Upsale,bupsalelp@bravesites.com,Female,Brazil,Brazil
783,3.84,12.94,Flour,Marlowe,Ivanenko,mivanenkolq@state.gov,Male,Brazil,Brazil
784,7.52,14.6,Wine,Lemmie,Bradnum,lbradnumlr@purevolume.com,Male,United States,United States
785,7.95,11.92,Apples,Erasmus,Rosenbarg,erosenbargls@tumblr.com,Male,Philippines,Philippines
786,2.81,12.38,Apples,Christan,Kix,ckixlt@comsenz.com,Female,Brazil,Brazil
787,7.99,18.45,Eggs,Nancie,Tackett,ntackettlu@feedburner.com,Female,Philippines,Philippines
788,2.61,12.38,Wine,Marrissa,Schiersch,mschierschlv@etsy.com,Female,United States,United States
789,3.75,10.73,Flour,Reinold,Dammarell,rdammarelllw@edublogs.org,Male,United States,United States
790,7.43,12.99,Apples,Caitrin,Joselin,cjoselinlx@alibaba.com,Female,United States,United States
791,3.55,10.83,Beef,Niall,Le Marchant,nlemarchantly@i2i.jp,Male,Philippines,Philippines
792,2.22,12.99,Milk,Bancroft,Rabier,brabierlz@taobao.com,Male,Philippines,Philippines
793,1.39,15.2,Flour,Auberta,Southworth,asouthworthm0@smh.com.au,Female,United States,United States
794,3.38,17.44,Beef,Lalo,Von Salzberg,lvonsalzbergm1@patch.com,Male,,
795,1.06,11.83,Eggs,Floyd,Pavluk,fpavlukm2@huffingtonpost.com,Male,United States,United States
796,7.78,10.78,Apples,Arleen,Kencott,akencottm3@friendfeed.com,Female,United States,United States
797,2.16,12.86,Oranges,Ryun,Grindall,rgrindallm4@yellowbook.com,Male,United States,United States
798,1.87,10.64,Chicken Meat,Luci,Jacombs,ljacombsm5@printfriendly.com,Female,Brazil,Brazil
799,2.15,14.8,Apples,Rodie,Champion,rchampionm6@artisteer.com,Female,Philippines,Philippines
800,3.32,10.62,Beef,Crysta,Riccardini,criccardinim7@buzzfeed.com,Polygender,Brazil,Brazil
801,8.68,15.65,Oranges,Fonsie,Gorioli,fgoriolim8@fema.gov,Male,Philippines,Philippines
802,5.58,14.62,Flour,Leopold,MacFarlan,lmacfarlanm9@washington.edu,Male,,
803,5.82,12.44,Eggs,Brigit,Dollar,bdollarma@icio.us,Female,Philippines,Philippines
804,3.54,15.0,Milk,Jolie,Flade,jflademb@xinhuanet.com,Female,Brazil,Brazil
805,5.15,17.57,Beef,Alessandro,Paulet,apauletmc@example.com,Male,Philippines,Philippines
806,5.07,12.69,Wine,Smitty,Lanegran,slanegranmd@thetimes.co.uk,Male,Philippines,Philippines
807,4.21,16.35,Chicken Meat,Geno,Frank,gfrankme@sakura.ne.jp,Male,Brazil,Brazil
808,7.93,18.53,Oranges,Walliw,Spellworth,wspellworthmf@arstechnica.com,Female,Philippines,Philippines
809,2.79,17.9,Chicken Meat,Thoma,Obispo,tobispomg@biglobe.ne.jp,Male,,
810,6.44,12.74,Flour,Stacy,MacLise,smaclisemh@people.com.cn,Male,Philippines,Philippines
811,5.99,17.73,Apples,Lezlie,Colter,lcoltermi@phpbb.com,Female,United States,United States
812,7.99,12.02,Apples,Harmony,Haycroft,hhaycroftmj@wikia.com,Female,,
813,4.2,11.56,Beef,Truda,Leaton,tleatonmk@quantcast.com,Female,Brazil,Brazil
814,2.92,15.67,Eggs,Luella,Drew,ldrewml@usnews.com,Female,Philippines,Philippines
815,2.15,12.03,Eggs,Shoshana,Dupree,sdupreemm@usgs.gov,Female,Philippines,Philippines
816,3.66,10.95,Beef,Burlie,Issacoff,bissacoffmn@wired.com,Bigender,Philippines,Philippines
817,8.85,12.58,Wine,Madge,Toombes,mtoombesmo@prnewswire.com,Female,,
818,8.55,10.05,Apples,Shaina,Sherland,ssherlandmp@illinois.edu,Female,,
819,6.14,10.5,Apples,Sally,Dennes,sdennesmq@addthis.com,Female,,
820,8.4,11.19,Chicken Meat,Erek,Stracey,estraceymr@linkedin.com,Male,Philippines,Philippines
821,8.27,18.16,Eggs,Vera,Jurczyk,vjurczykms@clickbank.net,Female,Brazil,Brazil
822,4.93,14.82,Oranges,Tomas,Fidgeon,tfidgeonmt@zimbio.com,Male,Brazil,Brazil
823,8.86,10.03,Beef,Ozzy,Dermott,odermottmu@latimes.com,Male,Brazil,Brazil
824,2.11,13.02,Chicken Meat,Shea,Friday,sfridaymv@cmu.edu,Female,United States,United States
825,2.12,11.4,Beef,Christyna,Gow,cgowmw@yelp.com,Female,Brazil,Brazil
826,2.75,15.7,Wine,Beverly,Sandiford,bsandifordmx@nyu.edu,Polygender,Brazil,Brazil
827,2.49,10.91,Wine,Sorcha,Rainger,sraingermy@stumbleupon.com,Female,Brazil,Brazil
828,3.37,13.14,Apples,Maurise,Eckersley,meckersleymz@phpbb.com,Male,,
829,8.78,15.19,Chicken Meat,Archibold,Cassells,acassellsn0@facebook.com,Male,,
830,6.75,18.03,Apples,Gerianna,Allewell,gallewelln1@last.fm,Female,Brazil,Brazil
831,7.43,16.58,Milk,Tish,Schruyer,tschruyern2@geocities.com,Female,United States,United States
832,5.37,14.06,Eggs,Sherwynd,Chessum,schessumn3@patch.com,Male,Philippines,Philippines
833,7.17,13.95,Milk,Mikey,Brolechan,mbrolechann4@vk.com,Male,United States,United States
834,1.43,14.79,Oranges,Teddy,Corck,tcorckn5@dmoz.org,Polygender,,
835,6.15,18.21,Apples,Marlane,Conti,mcontin6@quantcast.com,Female,Brazil,Brazil
836,3.31,14.16,Chicken Meat,Gladi,Le Barr,glebarrn7@netvibes.com,Female,United States,United States
837,7.24,16.8,Beef,Terrance,Bottom,tbottomn8@hp.com,Male,Philippines,Philippines
838,2.79,10.43,Apples,Griffith,Larkkem,glarkkemn9@last.fm,Male,United States,United States
839,1.74,13.67,Beef,Dulcine,Haet,dhaetna@sciencedirect.com,Female,Philippines,Philippines
840,8.64,10.87,Eggs,Axel,McIntee,amcinteenb@hatena.ne.jp,Male,Philippines,Philippines
841,4.55,12.27,Chicken Meat,Roxie,Wigfall,rwigfallnc@1und1.de,Female,Brazil,Brazil
842,4.57,14.51,Beef,Eustacia,Fosse,efossend@chronoengine.com,Bigender,United States,United States
843,8.47,15.92,Milk,Freeland,Maffetti,fmaffettine@mediafire.com,Male,Philippines,Philippines
844,5.03,12.28,Beef,Wernher,Bofield,wbofieldnf@miitbeian.gov.cn,Male,Brazil,Brazil
845,6.4,15.35,Wine,Brew,Zucker,bzuckerng@hc360.com,Male,Brazil,Brazil
846,1.14,10.45,Milk,Karolina,Leyfield,kleyfieldnh@mysql.com,Female,United States,United States
847,8.24,14.9,Beef,Duke,Sorbey,dsorbeyni@bloomberg.com,Male,Philippines,Philippines
848,6.89,12.62,Apples,Carry,Behnecke,cbehneckenj@google.com.br,Female,Philippines,Philippines
849,8.05,10.71,Beef,Eadith,Duffil,eduffilnk@google.com.br,Female,,
850,8.34,16.43,Milk,Read,Lear,rlearnl@clickbank.net,Male,United States,United States
851,3.9,18.06,Flour,Coralyn,Anan,canannm@zimbio.com,Female,Brazil,Brazil
852,5.37,15.85,Apples,Chadwick,Vairow,cvairownn@irs.gov,Male,Brazil,Brazil
853,5.54,18.42,Flour,Jesus,Lethardy,jlethardyno@walmart.com,Male,Philippines,Philippines
854,2.79,16.7,Flour,Margalit,Fitkin,mfitkinnp@buzzfeed.com,Female,Philippines,Philippines
855,1.43,18.36,Apples,Clemens,McCaughren,cmccaughrennq@epa.gov,Male,Philippines,Philippines
856,7.41,10.21,Milk,Birch,Mabbs,bmabbsnr@biglobe.ne.jp,Non-binary,United States,United States
857,2.64,12.19,Flour,Gretna,Spikeings,gspikeingsns@alexa.com,Female,,
858,3.33,17.32,Eggs,Filip,Deacock,fdeacocknt@reference.com,Male,United States,United States
859,3.81,10.78,Oranges,Ilyse,Gerault,igeraultnu@pbs.org,Female,United States,United States
860,6.69,18.16,Beef,Bayard,Jacke,bjackenv@baidu.com,Male,,
861,6.66,13.4,Beef,Aharon,Mapson,amapsonnw@wix.com,Male,Brazil,Brazil
862,8.46,13.01,Wine,Roseanne,Stennes,rstennesnx@amazon.co.jp,Female,Brazil,Brazil
863,3.88,17.88,Beef,Dixie,Bainton,dbaintonny@timesonline.co.uk,Female,Philippines,Philippines
864,5.82,18.97,Chicken Meat,Hermon,Whates,hwhatesnz@chicagotribune.com,Male,,
865,3.69,18.64,Apples,Mahmud,Rubin,mrubino0@va.gov,Male,Brazil,Brazil
866,3.25,17.69,Flour,Almeta,Colquite,acolquiteo1@chron.com,Female,United States,United States
867,6.16,14.08,Chicken Meat,Westbrooke,Thormwell,wthormwello2@pcworld.com,Male,Brazil,Brazil
868,5.07,13.89,Flour,Durand,McNamara,dmcnamarao3@scientificamerican.com,Male,United States,United States
869,4.99,17.58,Flour,Bevon,Prendergrast,bprendergrasto4@123-reg.co.uk,Male,Philippines,Philippines
870,1.59,17.13,Milk,Wallace,Hiers,whierso5@ustream.tv,Male,Brazil,Brazil
871,5.48,17.49,Chicken Meat,Camile,Gilson,cgilsono6@squarespace.com,Female,Philippines,Philippines
872,6.59,10.99,Chicken Meat,Iosep,Reightley,ireightleyo7@jigsy.com,Male,,
873,3.68,14.31,Apples,Petr,Abramin,pabramino8@businessinsider.com,Male,,
874,2.91,13.87,Beef,Slade,Gracey,sgraceyo9@a8.net,Male,United States,United States
875,8.81,14.61,Wine,Hew,Sprouls,hsproulsoa@craigslist.org,Male,United States,United States
876,6.88,11.35,Apples,Gaspar,Whapham,gwhaphamob@wikipedia.org,Male,Brazil,Brazil
877,6.77,14.66,Milk,Bambie,Battany,bbattanyoc@arstechnica.com,Female,Brazil,Brazil
878,1.15,18.18,Chicken Meat,Tierney,Collier,tcollierod@nymag.com,Female,Brazil,Brazil
879,3.15,13.51,Flour,Humfrid,Jillis,hjillisoe@blogs.com,Male,,
880,3.14,17.56,Beef,Oren,Haestier,ohaestierof@taobao.com,Male,Brazil,Brazil
881,7.07,10.31,Beef,Garald,Moat,gmoatog@taobao.com,Bigender,Philippines,Philippines
882,8.93,10.32,Eggs,Timothy,Kitt,tkittoh@nhs.uk,Male,United States,United States
883,1.3,14.77,Chicken Meat,Bronnie,Toovey,btooveyoi@gravatar.com,Male,Philippines,Philippines
884,1.1,15.44,Chicken Meat,Davide,Harfoot,dharfootoj@gravatar.com,Male,Philippines,Philippines
885,1.79,11.55,Eggs,Hy,Fullom,hfullomok@slashdot.org,Male,Brazil,Brazil
886,3.37,18.29,Milk,Caldwell,Simonsson,csimonssonol@state.gov,Male,Philippines,Philippines
887,5.22,12.09,Flour,Lind,Cambden,lcambdenom@loc.gov,Female,,
888,2.14,16.67,Milk,Mariejeanne,Joyce,mjoyceon@wunderground.com,Female,Brazil,Brazil
889,5.32,15.84,Milk,Reba,Kettridge,rkettridgeoo@china.com.cn,Agender,Philippines,Philippines
890,3.73,18.6,Eggs,Tildi,Bosdet,tbosdetop@google.com.au,Female,Brazil,Brazil
891,8.72,11.26,Beef,Adelice,Christophe,achristopheoq@amazon.co.uk,Female,Philippines,Philippines
892,2.4,11.18,Wine,Aubry,Thoms,athomsor@purevolume.com,Female,Philippines,Philippines
893,6.4,14.92,Wine,Gwendolin,Quibell,gquibellos@youtu.be,Female,Philippines,Philippines
894,3.04,15.05,Milk,Norri,Pack,npackot@intel.com,Female,Brazil,Brazil
895,7.0,13.23,Eggs,Lucienne,Mitchinson,lmitchinsonou@nasa.gov,Female,,
896,8.69,10.08,Apples,Mariele,Sweedland,msweedlandov@hc360.com,Female,Brazil,Brazil
897,2.68,18.15,Oranges,Glynnis,Mossdale,gmossdaleow@yahoo.co.jp,Female,Philippines,Philippines
898,2.89,11.81,Chicken Meat,Rainer,McCorrie,rmccorrieox@ebay.com,Male,Brazil,Brazil
899,8.2,15.86,Eggs,Legra,Blagburn,lblagburnoy@uiuc.edu,Female,Philippines,Philippines
900,8.1,12.47,Beef,Christoffer,Balf,cbalfoz@msn.com,Male,Brazil,Brazil
901,7.63,14.18,Milk,Aron,Dykes,adykesp0@zdnet.com,Male,Philippines,Philippines
902,8.76,18.6,Milk,Erek,Clemo,eclemop1@hostgator.com,Male,Philippines,Philippines
903,3.99,11.28,Beef,Bernete,Ades,badesp2@nhs.uk,Female,United States,United States
904,6.5,10.55,Apples,Reinwald,Easson,reassonp3@delicious.com,Male,Philippines,Philippines
905,2.5,17.64,Milk,Trudie,Moffett,tmoffettp4@pinterest.com,Female,Philippines,Philippines
906,4.74,11.64,Eggs,Laurens,Kabos,lkabosp5@mapquest.com,Male,United States,United States
907,3.14,11.09,Apples,Torin,Gruby,tgrubyp6@barnesandnoble.com,Male,Brazil,Brazil
908,5.0,14.57,Wine,Levin,Maasze,lmaaszep7@home.pl,Male,Philippines,Philippines
909,8.82,15.62,Beef,Mariya,Coates,mcoatesp8@dagondesign.com,Female,Brazil,Brazil
910,5.69,13.11,Apples,Yolanthe,Medley,ymedleyp9@foxnews.com,Female,Philippines,Philippines
911,6.99,18.94,Apples,Lebbie,McCromley,lmccromleypa@alibaba.com,Female,United States,United States
912,2.56,16.47,Oranges,Fin,Norgate,fnorgatepb@wikispaces.com,Male,Philippines,Philippines
913,1.84,16.9,Wine,Cooper,Wolfindale,cwolfindalepc@cmu.edu,Bigender,Philippines,Philippines
914,1.94,12.26,Wine,Maiga,Brownsall,mbrownsallpd@toplist.cz,Female,United States,United States
915,2.29,17.89,Wine,Barris,Spafford,bspaffordpe@cnet.com,Male,United States,United States
916,2.24,14.12,Milk,Gayla,Sickert,gsickertpf@redcross.org,Agender,Philippines,Philippines
917,3.17,18.68,Oranges,Kelsy,Baudoux,kbaudouxpg@msn.com,Female,Philippines,Philippines
918,6.88,16.13,Chicken Meat,Elberta,Wickstead,ewicksteadph@cyberchimps.com,Female,Philippines,Philippines
919,8.26,17.64,Flour,Dru,Cussen,dcussenpi@amazon.de,Female,Brazil,Brazil
920,2.38,17.07,Beef,Trev,MacKessock,tmackessockpj@over-blog.com,Male,Brazil,Brazil
921,4.48,14.68,Wine,Shannen,Waadenburg,swaadenburgpk@rambler.ru,Genderqueer,Brazil,Brazil
922,1.98,15.79,Wine,Maxim,Tures,mturespl@miibeian.gov.cn,Male,Brazil,Brazil
923,7.5,15.15,Milk,Esdras,Kunzel,ekunzelpm@flavors.me,Male,Brazil,Brazil
924,1.07,11.03,Flour,Lorna,Emblin,lemblinpn@bing.com,Female,Brazil,Brazil
925,7.96,10.18,Eggs,Hermie,Murch,hmurchpo@oracle.com,Male,Brazil,Brazil
926,6.03,15.42,Milk,Nikola,Colvin,ncolvinpp@i2i.jp,Genderqueer,Philippines,Philippines
927,4.69,18.76,Oranges,Anatollo,Rambaut,arambautpq@yellowpages.com,Male,Philippines,Philippines
928,2.82,17.11,Eggs,Maressa,Cordingly,mcordinglypr@blogspot.com,Female,Philippines,Philippines
929,7.17,13.53,Oranges,Erich,Proudman,eproudmanps@cdbaby.com,Male,Philippines,Philippines
930,2.38,11.32,Apples,Ella,Patesel,epateselpt@phpbb.com,Female,Brazil,Brazil
931,6.54,16.65,Apples,Sigismondo,Charteris,scharterispu@yahoo.co.jp,Male,Philippines,Philippines
932,8.7,10.58,Milk,Andonis,Trillow,atrillowpv@wsj.com,Male,Philippines,Philippines
933,5.47,18.81,Oranges,Ebenezer,Brameld,ebrameldpw@wp.com,Male,Philippines,Philippines
934,4.71,15.15,Flour,Adrien,Oakden,aoakdenpx@si.edu,Male,United States,United States
935,6.61,12.13,Apples,Noellyn,Benes,nbenespy@cnn.com,Female,Brazil,Brazil
936,4.4,17.89,Eggs,Hedvig,Trodden,htroddenpz@blogger.com,Bigender,Brazil,Brazil
937,8.69,16.64,Eggs,Renard,Beernaert,rbeernaertq0@biblegateway.com,Male,,
938,8.42,12.56,Wine,Libby,Putterill,lputterillq1@dailymail.co.uk,Female,Philippines,Philippines
939,5.6,18.97,Wine,Theodore,Tidmarsh,ttidmarshq2@dion.ne.jp,Male,Philippines,Philippines
940,1.58,16.55,Milk,Matias,Cromie,mcromieq3@over-blog.com,Male,United States,United States
941,3.38,13.79,Flour,Christel,Undrill,cundrillq4@addthis.com,Female,Philippines,Philippines
942,3.22,17.23,Flour,Emmett,Dilke,edilkeq5@yandex.ru,Male,Philippines,Philippines
943,4.35,18.17,Milk,Thane,Bril,tbrilq6@nih.gov,Male,Philippines,Philippines
944,1.24,16.16,Oranges,Robby,Mudd,rmuddq7@stumbleupon.com,Male,Philippines,Philippines
945,1.47,15.29,Oranges,Sauncho,Daykin,sdaykinq8@multiply.com,Male,,
946,3.47,14.16,Milk,Lionello,Farrington,lfarringtonq9@epa.gov,Male,Brazil,Brazil
947,2.26,16.0,Wine,Poul,Commings,pcommingsqa@ocn.ne.jp,Male,Brazil,Brazil
948,1.53,14.26,Wine,Emmerich,Pinock,epinockqb@booking.com,Male,,
949,6.74,17.85,Flour,Vidovic,Wassell,vwassellqc@gov.uk,Male,United States,United States
950,6.48,17.67,Apples,Susan,Stokoe,sstokoeqd@smh.com.au,Female,Philippines,Philippines
951,4.02,18.21,Beef,Nev,Daton,ndatonqe@va.gov,Male,Philippines,Philippines
952,3.97,16.06,Beef,Daryle,Spanton,dspantonqf@state.gov,Male,Philippines,Philippines
953,4.33,15.08,Flour,Yard,Atcherley,yatcherleyqg@europa.eu,Male,Philippines,Philippines
954,5.64,13.39,Milk,Harp,Willis,hwillisqh@barnesandnoble.com,Male,Philippines,Philippines
955,7.41,11.64,Wine,Jena,McKimmey,jmckimmeyqi@epa.gov,Female,Philippines,Philippines
956,7.28,10.47,Milk,Kelsi,Pinney,kpinneyqj@lycos.com,Female,Philippines,Philippines
957,3.92,12.97,Oranges,Karlan,Beckinsale,kbeckinsaleqk@adobe.com,Bigender,Brazil,Brazil
958,5.77,16.86,Milk,Dalila,Dunford,ddunfordql@google.co.uk,Genderfluid,Brazil,Brazil
959,2.24,16.21,Eggs,Lorrin,Van den Velden,lvandenveldenqm@pbs.org,Female,United States,United States
960,4.68,12.2,Chicken Meat,Beth,Neicho,bneichoqn@nps.gov,Female,Brazil,Brazil
961,6.73,10.57,Beef,Agathe,Pinfold,apinfoldqo@wikia.com,Female,Brazil,Brazil
962,7.36,17.79,Milk,Christie,Pettingall,cpettingallqp@icio.us,Male,Philippines,Philippines
963,4.91,11.14,Wine,Vin,Thame,vthameqq@twitpic.com,Female,Brazil,Brazil
964,3.87,18.72,Wine,Carry,Ferguson,cfergusonqr@booking.com,Female,Philippines,Philippines
965,3.31,18.98,Beef,Barth,Barbisch,bbarbischqs@blinklist.com,Male,United States,United States
966,1.17,15.93,Oranges,Maude,Blazewski,mblazewskiqt@hubpages.com,Female,,
967,2.49,10.41,Flour,Wolfy,Landy,wlandyqu@amazon.co.uk,Male,United States,United States
968,5.46,16.71,Milk,Philis,Brozsset,pbrozssetqv@oaic.gov.au,Female,United States,United States
969,8.36,17.82,Oranges,Jarrid,Surgey,jsurgeyqw@cisco.com,Male,Philippines,Philippines
970,3.26,13.46,Beef,Lanette,Longson,llongsonqx@youku.com,Female,,
971,4.01,17.25,Eggs,Leone,Fantonetti,lfantonettiqy@seesaa.net,Female,Philippines,Philippines
972,7.65,18.03,Chicken Meat,Osbourne,Chidwick,ochidwickqz@purevolume.com,Male,United States,United States
973,2.99,18.38,Apples,Noella,Hurlestone,nhurlestoner0@google.co.jp,Female,Brazil,Brazil
974,7.77,11.27,Oranges,Jarrid,Keyes,jkeyesr1@posterous.com,Male,Brazil,Brazil
975,8.94,12.64,Flour,Ignatius,Ashe,iasher2@adobe.com,Male,Philippines,Philippines
976,1.56,17.92,Apples,Sukey,Raynes,sraynesr3@scribd.com,Female,Brazil,Brazil
977,7.33,17.56,Wine,Nessa,Skilton,nskiltonr4@google.cn,Female,Brazil,Brazil
978,4.09,15.48,Flour,Lonnie,MacAlpin,lmacalpinr5@mediafire.com,Male,Philippines,Philippines
979,1.72,10.55,Milk,Terza,Spinello,tspinellor6@patch.com,Agender,United States,United States
980,6.49,16.47,Oranges,Astrid,Skocroft,askocroftr7@newyorker.com,Female,Philippines,Philippines
981,2.45,16.13,Wine,Merline,Verma,mvermar8@yolasite.com,Non-binary,Philippines,Philippines
982,8.67,12.47,Milk,Cord,Pedri,cpedrir9@ft.com,Genderqueer,,
983,2.85,14.44,Wine,Selia,Fairfoot,sfairfootra@altervista.org,Female,Brazil,Brazil
984,6.27,11.32,Oranges,Pegeen,Wyman,pwymanrb@dropbox.com,Female,,
985,4.27,15.63,Eggs,Deny,Vickress,dvickressrc@fastcompany.com,Female,Philippines,Philippines
986,8.65,18.7,Eggs,Margery,Mattiussi,mmattiussird@acquirethisname.com,Female,United States,United States
987,6.27,13.5,Oranges,Augusta,Gronow,agronowre@google.com.br,Female,Philippines,Philippines
988,7.79,18.88,Apples,Dorey,Elies,deliesrf@free.fr,Male,Brazil,Brazil
989,6.41,14.0,Milk,Ashlan,Roylance,aroylancerg@ezinearticles.com,Female,Philippines,Philippines
990,5.36,10.56,Flour,Nicki,Metherell,nmetherellrh@google.com,Female,,
991,4.06,16.92,Beef,Gardener,Chittock,gchittockri@baidu.com,Male,,
992,6.95,18.35,Milk,Fleurette,Thynne,fthynnerj@icio.us,Female,United States,United States
993,5.65,11.7,Wine,Margaret,Baudts,mbaudtsrk@home.pl,Female,Brazil,Brazil
994,5.4,14.51,Chicken Meat,Valida,Woollam,vwoollamrl@xinhuanet.com,Female,United States,United States
995,4.44,13.86,Apples,Ange,Hallen,ahallenrm@toplist.cz,Female,Philippines,Philippines
996,2.01,13.58,Chicken Meat,Kathy,Cumber,kcumberrn@tumblr.com,Female,United States,United States
997,1.49,18.72,Flour,Dode,Millott,dmillottro@clickbank.net,Female,Philippines,Philippines
998,7.68,12.86,Oranges,Rafferty,Anlay,ranlayrp@cyberchimps.com,Male,Brazil,Brazil
999,3.86,10.66,Oranges,Donavon,Broughton,dbroughtonrq@cisco.com,Male,Philippines,Philippines
1000,2.39,17.1,Eggs,Cliff,Enderson,cendersonrr@hexun.com,Male,Philippines,Philippines
